año,mes,linea,afluencia_total,afluencia_promedio_diaria
2016,10,Línea 1,21938684,35789.044045677
2013,10,Línea 9,11247409,30646.891008174385
2018,8,Línea 8,11370266,19912.900175131348
2017,12,Línea 6,4279577,12624.120943952803
2016,10,Línea 3,20500839,32183.420722135008
2016,10,Línea 11,15279,15279.0
2018,10,Línea 2,24210263,33119.37482900137
2017,8,Línea 5,7660566,19344.863636363636
2013,7,Línea B,13552312,21109.520249221183
2016,8,Línea 9,9981673,27272.330601092897
2019,5,Línea 8,11293168,19504.607944732295
2018,10,Línea 12,11748488,19386.94389438944
2016,12,Línea 1,21798114,35676.12765957447
2019,5,Línea B,13004454,20319.459375
2019,10,Línea 7,9299719,21881.691764705884
2018,8,Línea 1,21647410,35721.798679867985
2013,8,Línea 3,22132166,34420.16485225505
2016,8,Línea 11,29938,14969.0
2013,5,Línea 5,6931044,17636.24427480916
2013,7,Línea 2,24464319,33466.92065663475
2016,8,Línea 8,11680080,20172.84974093264
2013,5,Línea 4,2456427,8160.887043189368
2016,5,Línea 7,8862178,21000.421800947868
2016,10,Línea 2,24310304,32896.21650879567
2013,10,Línea 5,7758908,19494.743718592967
2013,8,Línea 11,52058,26029.0
2018,10,Línea 8,11595636,20027.00518134715
2013,10,Línea 12,9257968,15127.398692810457
2016,12,Línea B,13162384,20598.410015649453
2019,5,Línea 6,4335131,13018.41141141141
2016,8,Línea 4,2511328,8371.093333333334
2016,12,Línea 11,126923,42307.666666666664
2013,1,Línea 3,19568118,30527.485179407176
2013,7,Línea 12,7820305,12883.533772652389
2019,5,Línea 12,11651866,19195.82537067545
2019,5,Línea 7,9658936,22673.55868544601
2013,8,Línea 9,10772813,29433.915300546447
2013,5,Línea 2,25205553,34293.2693877551
2016,8,Línea 3,20612065,32106.020249221183
2019,8,Línea 2,23627725,32500.309491059146
2017,8,Línea 1,22162413,36272.36170212766
2017,8,Línea 3,20628747,32032.215838509317
2013,5,Línea 7,8181500,19250.58823529412
2019,8,Línea 9,8625823,23762.59779614325
2017,12,Línea 1,20098376,33165.63696369637
2016,12,Línea 2,23818883,32362.612771739132
2016,8,Línea A,8751263,28787.049342105263
2013,10,Línea 8,11929949,20711.71701388889
2016,10,Línea 6,4355230,12961.994047619048
2017,3,Línea 9,10103572,27987.734072022162
2013,8,Línea 5,7670170,19369.116161616163
2019,8,Línea B,13123508,20569.76175548589
2013,1,Línea 9,9766365,26757.164383561645
2016,5,Línea B,13284230,20887.154088050316
2017,3,Línea 11,25974,25974.0
2016,10,Línea 8,12133591,20956.115716753022
2013,1,Línea 8,10554418,18484.094570928195
2013,5,Línea 11,26452,26452.0
2016,12,Línea 9,9474921,26246.31855955679
2019,10,Línea 9,8578406,23631.972451790632
2017,3,Línea 7,9129157,21684.458432304036
2013,7,Línea 5,6679159,16995.315521628498
2017,3,Línea 3,20841753,32616.201877934272
2013,10,Línea 1,23292780,38436.930693069306
2017,8,Línea 11,112925,37641.666666666664
2013,10,Línea 6,4710467,13977.646884272997
2013,1,Línea B,13356103,21166.565768621236
2018,10,Línea 5,7673783,19476.60659898477
2016,5,Línea 2,23191179,31681.938524590165
2018,8,Línea 4,2685503,8690.948220064725
2018,8,Línea 9,9667399,26631.953168044078
2018,10,Línea 1,21486214,35050.92006525285
2013,5,Línea B,14018389,21972.396551724138
2017,12,Línea B,12712934,19988.889937106916
2017,3,Línea 8,11660619,20209.04506065858
2016,5,Línea 6,4187841,12426.827893175074
2018,8,Línea 7,9144907,21267.22558139535
2017,12,Línea 12,9440771,15630.415562913908
2013,7,Línea 6,3849069,11387.778106508877
2019,8,Línea 4,2533687,8334.496710526315
2019,5,Línea 3,19373018,30365.23197492163
2017,12,Línea 8,11079101,18971.063356164384
2017,8,Línea B,12809418,20204.12933753943
2019,8,Línea 7,9727719,22622.602325581396
2016,5,Línea 5,7147462,18140.76649746193
2019,10,Línea 3,19571993,30391.293478260868
2019,5,Línea 9,8881152,23938.415094339623
2013,8,Línea 4,2643753,8696.555921052632
2018,10,Línea 11,24689,24689.0
2016,10,Línea 12,9444820,15873.64705882353
2016,12,Línea 6,4063896,12059.038575667655
2017,8,Línea 4,2652071,8752.709570957095
2013,1,Línea 7,8033403,18769.633177570093
2013,1,Línea 2,24278680,33167.5956284153
2018,8,Línea 11,52209,17403.0
2017,3,Línea 4,2694079,8920.791390728476
2013,8,Línea 8,11284126,19796.712280701755
2013,10,Línea 11,152337,38084.25
2013,7,Línea 9,9907158,27068.737704918032
2017,8,Línea 9,9619301,26354.249315068493
2016,12,Línea 12,9201615,15109.384236453201
2013,10,Línea 2,25477326,35934.169252468266
2018,8,Línea 6,4321503,12900.00895522388
2013,8,Línea A,8077194,26310.078175895764
2016,10,Línea 4,2774686,9097.331147540983
2016,12,Línea 4,2828940,9305.723684210527
2016,10,Línea B,13504301,21233.177672955975
2018,8,Línea 12,11351744,18398.288492706644
2013,7,Línea 11,51962,17320.666666666668
2017,8,Línea 7,9120659,21460.374117647058
2016,5,Línea 9,9980598,27195.08991825613
2013,7,Línea 1,22454409,36570.6986970684
2018,10,Línea 4,2736443,9001.457236842105
2018,10,Línea 9,10127572,27595.564032697548
2013,8,Línea 12,8354510,13740.970394736842
2018,8,Línea B,13349943,20826.74414976599
2016,5,Línea 11,6606,6606.0
2017,12,Línea 5,6935927,17339.8175
2013,1,Línea 12,6223278,10235.654605263158
2013,5,Línea 6,4201793,12656.003012048193
2016,10,Línea A,8878085,29204.22697368421
2017,3,Línea A,9116888,29891.43606557377
2018,10,Línea 6,4742048,13906.299120234604
2016,8,Línea 7,9260387,21636.418224299065
2017,8,Línea A,8790720,28916.842105263157
2019,10,Línea 1,20271485,33177.55319148936
2013,10,Línea B,15036112,23493.925
2016,8,Línea 5,7479803,18984.271573604063
2017,8,Línea 12,10130303,16912.025041736226
2019,8,Línea 1,20446875,33574.50738916256
2019,8,Línea A,7117444,23489.914191419142
2013,10,Línea 7,9016454,21066.481308411214
2018,10,Línea B,13498414,21157.38871473354
2016,5,Línea A,8218937,27125.204620462046
2019,8,Línea 5,7022693,17778.969620253163
2017,12,Línea 3,17654382,27628.140845070422
2018,10,Línea A,9558408,31442.13157894737
2019,5,Línea A,6854257,22399.53267973856
2016,8,Línea 1,22529832,37239.39173553719
2019,5,Línea 1,20273777,33235.7
2016,5,Línea 12,8657213,14192.152459016394
2019,10,Línea B,13070624,20486.871473354233
2019,10,Línea 2,23025549,31541.847945205478
2017,3,Línea 1,20827155,34086.99672667758
2016,10,Línea 5,7433433,18771.295454545456
2013,1,Línea 4,2459958,7909.832797427653
2016,12,Línea 8,11639538,20277.940766550524
2016,8,Línea 6,4236613,12684.47005988024
2013,7,Línea 3,19347278,30277.430359937403
2016,5,Línea 3,19768844,30840.63026521061
2016,5,Línea 4,2519158,8259.534426229508
2018,10,Línea 3,20066562,31851.685714285715
2016,12,Línea 7,8576835,19946.127906976744
2019,5,Línea 2,23581122,32083.15918367347
2017,12,Línea 2,23445408,32073.061559507525
2013,5,Línea 12,7453210,12198.379705400983
2016,10,Línea 7,9184635,21610.90588235294
2016,10,Línea 9,10312730,28331.675824175825
2013,7,Línea A,7202575,23537.82679738562
2013,5,Línea 3,20777474,32566.5736677116
2019,5,Línea 5,6861590,17283.60201511335
2013,8,Línea 1,23854877,38978.55718954248
2013,5,Línea A,7554008,24930.719471947195
2016,5,Línea 8,11066048,19178.592720970537
2013,1,Línea 11,49285,24642.5
2013,7,Línea 4,2352171,7712.03606557377
2018,8,Línea 2,23462175,32052.15163934426
2019,10,Línea 5,6529746,16406.396984924624
2019,5,Línea 4,2437564,8018.3026315789475
2013,1,Línea 6,3824689,11282.268436578172
2013,5,Línea 9,10223839,27782.171195652172
2017,12,Línea 4,2741547,8930.12052117264
2013,1,Línea 5,6552538,16588.703797468355
2013,8,Línea B,14447253,23005.179936305733
2018,8,Línea A,8764662,28926.27722772277
2018,10,Línea 7,10017402,23681.801418439718
2017,12,Línea 7,8118936,19013.90163934426
2016,5,Línea 1,22078186,36253.1789819376
2013,1,Línea A,7099433,23586.1561461794
2019,10,Línea 8,11301813,19621.203125
2017,3,Línea 6,4456850,13147.050147492626
2017,8,Línea 2,23757279,32544.21780821918
2016,8,Línea 12,9255571,15248.05766062603
2013,7,Línea 8,10523481,18143.93275862069
2019,10,Línea 11,15695,15695.0
2018,8,Línea 3,20145930,31234.0
2016,8,Línea B,13397117,20998.615987460817
2017,3,Línea B,13261326,20753.24882629108
2019,8,Línea 8,11594416,20024.89810017271
2019,8,Línea 12,11511324,18995.58415841584
2016,12,Línea A,8650038,27993.650485436894
2018,8,Línea 5,7832318,19980.40306122449
2017,8,Línea 8,10820327,18785.289930555555
2019,8,Línea 6,4440995,13296.392215568862
2019,10,Línea 6,4289240,12803.701492537313
2019,10,Línea A,6968926,22774.267973856207
2013,8,Línea 7,8690993,20164.716937354988
2013,7,Línea 7,8119936,18927.589743589742
2013,5,Línea 1,22622320,36904.27406199021
2019,8,Línea 3,20255905,31307.42658423493
2019,8,Línea 11,21474,21474.0
2013,10,Línea A,7812010,26303.063973063974
2017,12,Línea 9,8859977,24679.601671309192
2017,12,Línea A,7781317,25512.51475409836
2017,3,Línea 5,7347896,18555.29292929293
2013,8,Línea 2,26176879,35858.73835616438
2017,8,Línea 6,4376331,13181.719879518072
2019,10,Línea 12,11768467,19198.15171288744
2013,5,Línea 8,10909128,18939.458333333332
2017,3,Línea 12,10283450,16858.114754098362
2013,8,Línea 6,4441039,13498.598784194528
2016,12,Línea 5,7079701,17788.193467336685
2017,3,Línea 2,24352952,33269.06010928962
2013,1,Línea 1,21225260,34852.64367816092
2013,10,Línea 4,2790944,9241.53642384106
2019,10,Línea 4,2522139,8323.89108910891
2017,12,Línea 11,58507,29253.5
2016,8,Línea 2,24353169,33314.868673050616
2016,12,Línea 3,18326073,28589.81747269891
2013,10,Línea 3,22513467,35342.96232339089
2018,3,Línea B,12333854,19515.5917721519
2020,1,Línea 12,11059703,18280.50082644628
2015,12,Línea 6,3994476,12141.26443768997
2016,1,Línea 4,2501463,8121.633116883117
2020,1,Línea 5,6103713,15452.437974683544
2014,1,Línea 3,19146336,29962.967136150233
2014,1,Línea 1,21061750,34527.45901639344
2019,7,Línea 5,6329956,15824.89
2020,1,Línea 6,4101326,12170.106824925817
2013,12,Línea 9,8684661,23728.581967213115
2012,12,Línea 5,6211324,15685.161616161617
2017,1,Línea 9,9379117,25837.78787878788
2013,3,Línea 6,3781010,11320.389221556887
2017,7,Línea A,8187070,27109.50331125828
2016,1,Línea 3,18014617,28103.926677067084
2019,12,Línea B,12640765,19813.11128526646
2019,3,Línea 5,6611903,16529.7575
2016,1,Línea 1,21175370,34600.27777777778
2019,12,Línea 1,19223509,31565.696223316914
2020,1,Línea 3,18259377,28353.069875776397
2020,1,Línea 11,117267,39089.0
2017,7,Línea 6,3742183,11170.69552238806
2018,1,Línea 1,19701470,31982.905844155845
2015,12,Línea 2,23936745,32835.04115226337
2016,7,Línea A,7866799,25877.628289473683
2018,1,Línea 6,3947587,11748.770833333334
2019,3,Línea 12,10731735,17767.773178807947
2020,1,Línea 4,2248742,7421.590759075908
2020,1,Línea 9,7977145,22282.527932960893
2013,12,Línea 2,23125039,31765.16346153846
2016,7,Línea 7,8084178,19021.595294117647
2013,3,Línea 7,7472844,17541.88732394366
2014,1,Línea 9,9580433,26538.595567867036
2018,5,Línea 7,8830983,20633.13785046729
2018,5,Línea 9,9572178,26225.145205479454
2013,12,Línea 7,7391096,17349.990610328638
2017,1,Línea 8,10828805,18800.008680555555
2015,12,Línea B,13771669,21687.667716535434
2013,3,Línea 5,6694213,16819.630653266333
2015,12,Línea 4,2695263,8895.257425742575
2014,1,Línea A,6902830,23009.433333333334
2016,7,Línea 8,10493236,18029.615120274913
2016,7,Línea B,12025781,18998.074249605055
2016,7,Línea 1,21764302,35679.18360655737
2016,7,Línea 4,2396062,7779.422077922078
2018,1,Línea 4,2477808,8097.411764705882
2017,1,Línea 2,22471538,30656.94133697135
2012,12,Línea A,6998016,22944.31475409836
2013,3,Línea A,7153231,23376.571895424837
2018,5,Línea 2,23026604,31457.109289617485
2017,5,Línea 6,4182960,12599.277108433735
2017,5,Línea 2,22865306,31451.59009628611
2020,1,Línea 8,10689619,18526.202772963607
2016,7,Línea 12,8002088,13139.717569786535
2013,3,Línea 2,23811690,32663.49794238683
2017,1,Línea 12,9134364,15173.362126245847
2020,1,Línea 7,8705357,20387.25292740047
2019,7,Línea 2,21735080,29733.351573187414
2018,1,Línea 2,22221922,30482.74622770919
2016,1,Línea 5,6651697,16797.214646464647
2016,1,Línea 12,7515797,12402.305280528053
2013,12,Línea 4,2734283,9024.036303630362
2019,7,Línea A,6339371,20991.294701986753
2018,5,Línea 11,26028,13014.0
2019,12,Línea 8,10817545,18715.47577854671
2015,12,Línea 7,8167269,18993.6488372093
2016,1,Línea 6,3994193,11747.626470588235
2015,12,Línea 1,22459532,37000.87644151565
2018,3,Línea 6,4234158,12490.141592920354
2017,7,Línea 1,21261753,34741.42647058824
2017,5,Línea 3,19741771,30991.79120879121
2018,5,Línea 1,19902893,32951.80960264901
2019,3,Línea 2,21716689,29871.6492434663
2020,1,Línea A,6488465,21628.216666666667
2017,5,Línea 4,2507233,8247.47697368421
2018,3,Línea 3,18886633,29281.601550387597
2019,12,Línea 5,6114273,15440.083333333334
2017,1,Línea 3,17847329,28061.838050314465
2019,12,Línea 4,2506181,8084.4548387096775
2014,1,Línea 5,6951147,17509.186397984886
2017,1,Línea 1,20441731,33843.92549668874
2018,1,Línea 3,18414561,28772.7515625
2017,7,Línea 9,9275720,25412.931506849316
2019,12,Línea 12,10741389,17465.67317073171
2019,7,Línea 8,10724492,18716.39092495637
2014,1,Línea 12,7692283,12735.567880794702
2013,12,Línea 8,10623630,18379.982698961936
2019,7,Línea 6,3908964,11703.48502994012
2017,5,Línea 8,11193176,19432.597222222223
2013,3,Línea 1,20218945,33364.59570957096
2012,12,Línea 3,18119804,28490.25786163522
2018,3,Línea 1,18941249,31463.86877076412
2020,1,Línea B,12008883,18763.8796875
2017,5,Línea 12,10032019,16445.932786885245
2014,1,Línea 6,3803620,11388.08383233533
2017,5,Línea A,8206757,27355.856666666667
2018,1,Línea 8,10538751,18264.733102253034
2017,5,Línea 7,8896757,20642.127610208816
2018,5,Línea 6,4293243,12892.621621621622
2012,12,Línea 2,24398301,33331.012295081964
2016,1,Línea B,12762836,19941.93125
2014,1,Línea 11,81501,27167.0
2019,3,Línea 4,2482035,8058.555194805195
2019,7,Línea 3,17182676,27102.01261829653
2012,12,Línea 12,5673945,9409.52736318408
2017,7,Línea 8,10503065,18108.73275862069
2018,3,Línea 9,9129307,25288.939058171745
2020,1,Línea 2,21517520,29156.53116531165
2019,7,Línea 12,10963129,17855.25895765472
2018,3,Línea 12,9878176,16327.563636363637
2013,3,Línea 3,19178690,30442.365079365078
2018,5,Línea B,12790164,20141.9905511811
2017,7,Línea B,11982171,18869.56062992126
2016,1,Línea 9,9108024,25160.28729281768
2019,3,Línea A,6469590,21073.58306188925
2019,7,Línea 7,8981475,20935.83916083916
2018,3,Línea 11,19735,9867.5
2018,5,Línea 5,7208945,18158.551637279597
2017,1,Línea 7,8716763,20366.268691588786
2016,7,Línea 9,9314712,25380.686648501363
2017,5,Línea 11,10499,5249.5
2012,12,Línea 7,6867762,15971.539534883721
2013,3,Línea B,13336429,20740.947122861588
2018,1,Línea 9,9212434,25239.54520547945
2012,12,Línea 8,10370433,17941.925605536333
2013,3,Línea 8,10646364,18515.415652173913
2015,12,Línea 12,7435454,12189.268852459016
2017,7,Línea 2,22159879,30273.0587431694
2019,3,Línea 1,19531696,31966.76923076923
2019,3,Línea 6,4157837,12374.514880952382
2017,5,Línea 5,7326613,18362.43859649123
2017,5,Línea 1,20793523,34256.21581548599
2019,7,Línea B,12330215,19326.35579937304
2020,1,Línea 1,19054302,31339.3125
2016,1,Línea A,7761470,25447.44262295082
2019,3,Línea 3,18128827,28370.621283255085
2013,12,Línea 1,21972396,36258.07920792079
2012,12,Línea 11,111971,37323.666666666664
2017,1,Línea 4,2531068,8271.464052287582
2017,1,Línea 5,6618846,16588.586466165412
2017,7,Línea 4,2474500,8139.8026315789475
2013,12,Línea 5,6355679,16090.326582278482
2013,12,Línea A,5870299,19246.881967213114
2017,7,Línea 12,9365709,15531.855721393034
2019,12,Línea 3,16885283,26590.9968503937
2013,12,Línea 11,6849,6849.0
2019,12,Línea A,6292786,20768.270627062706
2018,5,Línea 3,19241083,30205.78178963893
2017,5,Línea 9,9614402,26268.857923497268
2019,3,Línea 7,8634495,20364.375
2018,1,Línea A,7968937,26563.123333333333
2018,3,Línea 8,11015307,18991.908620689654
2018,5,Línea 8,11194246,19400.772963604853
2017,1,Línea 11,22648,11324.0
2012,12,Línea 1,21457851,35350.660626029654
2013,12,Línea 6,3897796,11531.940828402367
2018,1,Línea 7,8334308,19472.682242990653
2018,1,Línea 5,6770290,17139.974683544304
2019,12,Línea 11,6317,6317.0
2018,5,Línea 4,2558239,8387.668852459017
2018,1,Línea B,11870972,18665.05031446541
2019,3,Línea 8,11040802,19101.73356401384
2017,1,Línea A,8284895,27342.887788778877
2018,5,Línea A,8531363,27880.271241830065
2018,3,Línea A,8451369,27439.50974025974
2013,3,Línea 4,2272560,7354.563106796117
2013,3,Línea 9,9787443,26962.652892561982
2019,12,Línea 6,3812148,11447.891891891892
2019,12,Línea 9,7839725,21716.68975069252
2016,7,Línea 11,26644,26644.0
2016,1,Línea 8,10747338,18723.585365853658
2017,7,Línea 5,6588988,16555.24623115578
2013,12,Línea 12,7521596,12350.732348111658
2019,7,Línea 4,2485558,7941.079872204473
2019,7,Línea 1,19628611,32283.89967105263
2018,3,Línea 4,2420448,7962.0
2017,7,Línea 3,17535728,27314.218068535825
2018,1,Línea 12,9725788,16129.001658374793
2018,3,Línea 5,7194710,18077.1608040201
2016,1,Línea 7,8029004,18891.77411764706
2019,7,Línea 11,81903,40951.5
2013,12,Línea B,13663848,21450.31083202512
2016,7,Línea 2,22171167,30164.85306122449
2013,12,Línea 3,18092647,28225.658346333854
2012,12,Línea B,14201252,22189.45625
2017,7,Línea 7,8468139,19739.251748251747
2015,12,Línea 9,9416887,25941.83746556474
2012,12,Línea 6,4114691,12282.659701492537
2017,5,Línea B,12881663,20127.5984375
2019,7,Línea 9,7882251,21895.141666666666
2018,3,Línea 7,8351734,19422.637209302327
2012,12,Línea 4,2465344,8136.448844884489
2015,12,Línea A,7852324,25745.324590163935
2013,3,Línea 12,6395062,10535.522240527183
2016,7,Línea 5,6488693,16510.669211195927
2015,12,Línea 8,11490368,19913.98266897747
2018,3,Línea 2,22824157,31011.082880434784
2014,1,Línea 4,2451183,8036.665573770491
2018,5,Línea 12,10570227,17385.24177631579
2019,3,Línea B,12504648,19569.089201877934
2017,1,Línea 6,3893507,11727.430722891566
2018,1,Línea 11,70275,17568.75
2019,12,Línea 7,8084755,19022.95294117647
2014,1,Línea 7,7845674,18460.409411764707
2016,1,Línea 2,22486156,30635.08991825613
2016,7,Línea 6,3462622,10336.185074626866
2012,12,Línea 9,9288468,25447.857534246574
2014,1,Línea B,13019773,20311.658346333854
2016,7,Línea 3,17696061,27606.959438377537
2017,1,Línea B,12282678,19131.89719626168
2014,1,Línea 8,10280862,17848.71875
2019,3,Línea 9,8114520,22415.801104972375
2015,12,Línea 3,17684905,27719.2868338558
2014,1,Línea 2,23230186,32219.398058252427
2019,12,Línea 2,21723238,29921.815426997244
2015,12,Línea 5,6952738,17557.41919191919
2016,4,Línea 7,8930198,21518.549397590363
2019,11,Línea 11,47161,15720.333333333334
2016,3,Línea 6,3636401,10887.428143712576
2013,4,Línea A,7717660,26161.5593220339
2025,10,Línea B,11198432,17579.956043956045
2013,11,Línea 11,33262,33262.0
2020,3,Línea 6,3324214,9893.494047619048
2025,10,Línea 7,8150570,18998.99766899767
2025,12,Línea 11,41203,20601.5
2017,11,Línea 8,11536352,20674.465949820788
2018,12,Línea 4,2601035,8584.27392739274
2016,3,Línea 7,7663834,17740.35648148148
2017,11,Línea 4,2677263,9014.353535353535
2026,1,Línea A,6260200,20867.333333333332
2019,11,Línea B,13107919,21107.76006441224
2013,11,Línea 2,25615455,36128.99153737658
2016,11,Línea 4,2529696,8723.089655172414
2013,4,Línea 7,8050136,19491.854721549636
2016,4,Línea 12,8616306,14628.702886247878
2018,12,Línea 1,19992087,32935.89291598023
2013,4,Línea 12,7061462,12029.747870528108
2019,1,Línea 1,19543824,32144.447368421053
2016,11,Línea 2,23063273,32760.330965909092
2026,1,Línea 6,2895699,8643.8776119403
2017,10,Línea 7,9413071,22096.410798122066
2017,11,Línea 6,4440562,13663.267692307692
2019,1,Línea 12,10845196,17955.62251655629
2026,1,Línea 8,9212774,15966.67937608319
2016,3,Línea 1,18818141,31155.862582781458
2019,11,Línea 1,20285370,34265.8277027027
2018,7,Línea 12,9977465,16546.376451077944
2019,1,Línea 3,18094810,28361.771159874606
2016,3,Línea A,7313476,24216.807947019868
2016,4,Línea 5,7164994,18562.160621761657
2025,12,Línea 2,17427515,23710.904761904763
2017,11,Línea 11,59953,19984.333333333332
2020,3,Línea 12,9432619,15438.00163666121
2017,11,Línea B,12812773,20699.14862681745
2019,11,Línea 7,9229424,22565.828850855745
2019,1,Línea 5,6579719,16531.95728643216
2018,7,Línea 3,17249209,26951.8890625
2025,10,Línea 8,10598228,18367.812824956673
2025,10,Línea 4,2342119,7704.338815789473
2025,12,Línea 8,9949543,17213.74221453287
2016,4,Línea 6,4270956,13141.403076923078
2026,1,Línea 7,6479325,16279.711055276382
2017,6,Línea 1,20746271,35403.19283276451
2026,3,Línea 7,6761451,17337.053846153845
2013,11,Línea 6,4381209,13439.291411042945
2020,3,Línea 1,15218530,25491.675041876046
2018,12,Línea 3,16473565,25780.226917057902
2016,4,Línea 2,23798267,33756.407092198584
2016,4,Línea A,8220187,27677.397306397306
2017,11,Línea A,8183739,27835.84693877551
2017,6,Línea A,8331827,28339.54761904762
2019,1,Línea B,12199168,19271.987361769352
2018,7,Línea A,7678640,25258.684210526317
2016,11,Línea 8,11494970,20563.45259391771
2019,11,Línea 4,2520498,8544.061016949152
2025,12,Línea A,6656329,21541.51779935275
2025,12,Línea 6,3157292,9424.75223880597
2020,3,Línea A,5772463,18988.365131578947
2019,11,Línea 6,4448990,13689.2
2018,12,Línea 5,6332576,16237.374358974359
2016,11,Línea 6,4114912,12700.345679012345
2026,3,Línea 6,3227051,9690.843843843844
2016,4,Línea 11,15411,15411.0
2018,12,Línea 9,8576491,23433.035519125682
2017,10,Línea 8,11777032,20235.450171821307
2026,1,Línea B,9319768,14983.549839228295
2013,11,Línea A,7384763,25203.969283276452
2017,11,Línea 2,23546001,33163.38169014084
2017,6,Línea 4,2511202,8455.225589225589
2025,12,Línea 1,13197052,21849.423841059604
2016,3,Línea 12,7237526,12042.472545757071
2020,3,Línea 5,4717188,12749.156756756756
2018,12,Línea 11,2102,2102.0
2025,12,Línea B,10616957,16745.988958990536
2019,1,Línea 7,8884453,20953.89858490566
2016,3,Línea B,13184338,20665.1065830721
2017,10,Línea 2,23630627,32282.27732240437
2013,11,Línea 8,11557110,20674.615384615383
2018,12,Línea 7,8065828,18714.218097447796
2017,6,Línea 11,47497,23748.5
2018,12,Línea 6,3786858,11510.20668693009
2026,3,Línea 3,14616818,22874.519561815338
2017,6,Línea 8,10824254,19294.570409982174
2016,4,Línea 3,19866302,32250.49025974026
2019,11,Línea A,7121861,23898.862416107382
2026,3,Línea 2,16100317,23066.356733524357
2016,3,Línea 11,73908,24636.0
2026,1,Línea 1,12713336,20944.54036243822
2025,10,Línea 2,19603839,26744.664392905866
2013,4,Línea 4,2373993,8074.806122448979
2026,1,Línea 2,16087813,22038.1
2019,1,Línea 9,8267867,22467.029891304348
2018,7,Línea 9,9070455,25336.46648044693
2026,3,Línea 12,10083443,16694.442052980132
2026,1,Línea 9,6826002,18752.752747252747
2016,11,Línea 5,7078378,18676.459102902376
2025,10,Línea 5,5028167,12633.585427135678
2016,11,Línea 1,21352518,36190.70847457627
2019,1,Línea 8,11008748,18980.6
2017,6,Línea 12,9871032,16674.04054054054
2018,12,Línea 12,9851609,16419.34833333333
2025,12,Línea 5,4606168,11544.280701754386
2013,4,Línea 8,10828019,19301.2816399287
2020,3,Línea 3,14926299,23432.18053375196
2019,1,Línea A,6447821,21002.674267100978
2025,12,Línea 9,7142505,19730.67679558011
2017,10,Línea 6,4516749,13523.200598802396
2013,11,Línea 5,7260794,18957.686684073105
2019,11,Línea 12,11932915,20225.27966101695
2025,10,Línea 9,8491801,23522.994459833793
2016,3,Línea 9,8312469,23154.509749303623
2020,3,Línea B,10179930,15831.928460342146
2026,3,Línea 8,9894386,17237.606271777004
2019,11,Línea 2,23028407,32525.998587570622
2025,12,Línea 3,13791933,21416.0450310559
2016,11,Línea 11,166464,41616.0
2019,11,Línea 5,6536639,17292.695767195768
2018,7,Línea 4,2370647,7721.977198697068
2020,3,Línea 4,2154094,7109.221122112212
2017,6,Línea 2,22517878,31985.622159090908
2018,12,Línea B,12644416,19787.818466353678
2017,10,Línea 4,2822008,9313.557755775577
2013,11,Línea 1,22681069,38638.959114139696
2016,4,Línea B,13430388,21696.91114701131
2025,10,Línea A,6843275,22510.77302631579
2019,11,Línea 8,11348504,20410.978417266186
2016,3,Línea 5,6331058,16150.658163265307
2013,11,Línea 7,8478337,20331.743405275778
2013,11,Línea 12,8676811,14731.427843803056
2026,3,Línea B,9924438,15555.545454545454
2013,4,Línea 5,7062325,18487.761780104713
2025,10,Línea 11,38898,19449.0
2013,11,Línea 9,11489937,32366.01971830986
2016,11,Línea 7,9000511,21687.978313253014
2020,3,Línea 9,7316816,19775.17837837838
2017,10,Línea 5,7647442,19263.07808564232
2019,1,Línea 6,4201133,12847.501529051988
2026,1,Línea 11,31657,15828.5
2018,7,Línea 11,2076,2076.0
2018,7,Línea 7,8772861,20402.002325581394
2016,3,Línea 3,16389519,25769.68396226415
2017,11,Línea 9,9350349,26639.17094017094
2018,7,Línea 5,6454106,16677.276485788112
2013,4,Línea 3,20669839,33884.98196721311
2013,11,Línea B,14429088,23197.890675241157
2019,11,Línea 9,8563609,24190.985875706214
2019,1,Línea 2,21923201,30280.664364640885
2019,1,Línea 11,37443,12481.0
2013,4,Línea 6,4193737,12785.783536585366
2026,1,Línea 5,4381003,10952.5075
2013,4,Línea B,13801053,22188.18810289389
2016,11,Línea 3,19587556,31695.07443365696
2016,11,Línea 12,9443271,15897.762626262625
2017,6,Línea 7,8732571,20891.31818181818
2017,6,Línea 5,7058158,18428.61096605744
2019,11,Línea 3,19435404,31347.425806451614
2025,10,Línea 1,11890674,22822.790786948175
2018,7,Línea 2,21538369,29585.671703296703
2018,12,Línea 2,21980466,30027.95901639344
2017,10,Línea 3,20420291,31807.306853582555
2013,11,Línea 4,2755546,9340.833898305085
2026,1,Línea 12,9538506,15535.026058631922
2017,6,Línea 6,4124730,12730.648148148148
2020,3,Línea 2,17043535,23411.449175824175
2016,3,Línea 2,20588140,28011.07482993197
2026,1,Línea 4,1981207,6453.442996742671
2025,12,Línea 4,2262036,7368.195439739414
2017,10,Línea 9,9860089,27013.942465753425
2026,3,Línea 5,4792408,12071.556675062971
2016,11,Línea A,8798713,29826.145762711865
2016,3,Línea 8,9950858,17245.854419410745
2026,3,Línea A,6497118,21657.06
2018,7,Línea B,11724434,18463.67559055118
2017,10,Línea B,13243861,20533.117829457366
2020,3,Línea 8,9302829,16039.360344827586
2016,11,Línea 9,9584436,27151.376770538245
2018,7,Línea 8,10545928,18372.696864111498
2017,10,Línea 11,85661,42830.5
2017,11,Línea 3,19278752,31296.675324675325
2016,4,Línea 9,9832735,27854.773371104817
2026,3,Línea 1,13680986,22650.639072847684
2017,11,Línea 1,20712626,35046.74450084603
2018,12,Línea A,8354886,27573.881188118812
2025,10,Línea 3,15293866,23934.062597809076
2016,4,Línea 8,11345261,20259.394642857143
2025,10,Línea 6,3550951,10599.853731343284
2013,4,Línea 9,10626340,30017.909604519773
2017,10,Línea 12,8926989,18034.321212121213
2026,3,Línea 9,7230143,19972.770718232045
2025,10,Línea 12,10759891,17668.12972085386
2016,3,Línea 4,2173644,7318.666666666667
2025,12,Línea 7,6775485,16093.788598574822
2017,10,Línea 1,21290792,34788.875816993466
2018,7,Línea 1,20062325,32781.57679738562
2013,4,Línea 1,21377661,36418.50255536627
2017,6,Línea 9,9535552,27089.636363636364
2016,4,Línea 1,21888858,36974.4222972973
2020,3,Línea 7,6759307,15904.251764705883
2017,11,Línea 12,9983967,17066.610256410255
2017,6,Línea 3,18821202,30405.819063004845
2013,11,Línea 3,20841715,33615.66935483871
2018,7,Línea 6,4020645,11790.74780058651
2025,12,Línea 12,9650262,15924.524752475247
2017,11,Línea 7,9057207,21877.3115942029
2016,11,Línea B,12837984,20773.436893203885
2019,1,Línea 4,2410931,7983.215231788079
2013,4,Línea 2,25164222,35343.00842696629
2017,6,Línea B,12507959,20141.640901771338
2016,4,Línea 4,2621103,8795.647651006711
2026,1,Línea 3,13263549,20789.26175548589
2026,3,Línea 11,60640,30320.0
2017,11,Línea 5,7128312,18563.3125
2017,10,Línea A,8627223,28010.464285714286
2018,12,Línea 8,10649968,18362.013793103448
2026,3,Línea 4,2057380,6723.464052287582
2013,9,Línea 6,4198882,13080.629283489097
2013,6,Línea 4,2301135,7826.989795918367
2020,12,Línea B,7252723,11297.07632398754
2018,11,Línea 1,19695897,33553.48722316865
2018,4,Línea 7,8640130,20869.87922705314
2016,9,Línea A,8531354,29622.756944444445
2018,11,Línea 11,47383,15794.333333333334
2016,6,Línea 5,6849201,17836.4609375
2014,3,Línea 6,3971495,11855.208955223881
2013,9,Línea 4,2527226,8625.34470989761
2025,5,Línea 9,7720639,21566.030726256984
2025,8,Línea 7,7283208,16898.394431554523
2020,12,Línea 7,3914115,9081.47331786543
2018,4,Línea 6,4160933,12922.152173913044
2013,6,Línea 6,3733792,11559.727554179566
2016,6,Línea 9,9887370,28089.11931818182
2014,3,Línea 1,21279237,35056.403624382205
2013,6,Línea 8,10623039,18868.63055062167
2025,8,Línea 8,9569659,16442.713058419245
2025,5,Línea 2,17244086,24356.053672316386
2018,6,Línea 2,21935640,30895.267605633802
2013,9,Línea 1,22653216,38395.2813559322
2018,11,Línea 12,10491594,17752.274111675128
2018,6,Línea 6,4078335,12626.424148606811
2018,11,Línea B,12541195,20492.148692810457
2018,4,Línea 5,7411713,19251.202597402596
2025,7,Línea 4,1988591,6519.9704918032785
2019,9,Línea 2,21926163,30708.91176470588
2021,3,Línea 5,3400790,8653.409669211196
2025,7,Línea 3,13683635,21280.92534992224
2018,11,Línea 6,4340460,13314.294478527607
2014,3,Línea 9,10007121,27416.7698630137
2018,6,Línea 4,2430885,8212.449324324325
2025,5,Línea 1,10012872,19255.523076923077
2016,6,Línea 3,19427882,31538.76948051948
2018,6,Línea A,7570772,26196.442906574393
2018,11,Línea 7,9183327,22181.94927536232
2013,6,Línea 7,8038265,19276.414868105516
2018,6,Línea 11,47503,23751.5
2025,5,Línea 12,9622017,15904.160330578512
2016,6,Línea 2,23109548,32594.566995768688
2025,5,Línea 6,3225120,9627.223880597016
2013,9,Línea 3,20507127,33129.445880452346
2019,9,Línea 4,2368272,7973.979797979798
2020,10,Línea 3,10092185,15868.215408805032
2017,4,Línea B,11912902,19183.417069243154
2025,7,Línea A,6057477,19925.911184210527
2025,8,Línea 5,4463972,11301.19493670886
2025,8,Línea 4,2064661,6638.781350482315
2025,8,Línea 9,7810423,21281.806539509536
2018,9,Línea 7,8778368,21255.128329297822
2018,9,Línea 1,19979290,33578.638655462186
2020,12,Línea 3,8875824,14044.025316455696
2016,9,Línea 7,8845837,21418.491525423728
2016,9,Línea 8,11394441,20347.21607142857
2025,5,Línea 8,9467853,16581.17863397548
2025,7,Línea 6,2972978,8927.861861861862
2014,3,Línea 3,20378077,31741.552959501558
2025,8,Línea B,9921627,15649.253943217665
2016,9,Línea 9,9503426,26845.83615819209
2021,3,Línea 7,3949327,9163.1716937355
2014,3,Línea 11,56212,18737.333333333332
2020,10,Línea A,4486326,14661.196078431372
2018,6,Línea 9,9048333,25926.45558739255
2018,11,Línea 3,17998599,29409.475490196077
2020,12,Línea 6,1817709,5475.027108433735
2020,10,Línea 8,6218556,10796.104166666666
2017,4,Línea 9,8577577,24162.188732394367
2014,3,Línea 2,24712994,33577.4375
2020,12,Línea 8,5821029,10053.590673575129
2018,9,Línea 9,9269116,25891.385474860333
2025,5,Línea A,6269677,20422.4006514658
2020,12,Línea 11,6562,3281.0
2014,3,Línea 12,5392997,13722.638676844783
2018,4,Línea 1,19261340,32426.498316498317
2013,9,Línea B,13665723,22256.877850162866
2025,8,Línea 2,17780527,24524.864827586207
2014,3,Línea 7,8282668,19306.918414918415
2020,12,Línea A,4400044,14618.086378737542
2025,5,Línea 5,4724175,11929.734848484848
2025,7,Línea 1,10796790,20683.505747126437
2018,4,Línea 11,39494,19747.0
2020,12,Línea 4,1310410,4324.785478547855
2020,12,Línea 12,5806554,9534.57142857143
2016,9,Línea 3,19553067,31845.385993485343
2013,6,Línea 2,23841580,33817.843971631206
2019,9,Línea 3,18004698,29181.0340356564
2020,10,Línea 1,12234174,19957.869494290375
2021,3,Línea 1,9965022,16256.15334420881
2020,10,Línea 12,6411248,10527.500821018062
2017,4,Línea 12,8875059,14966.372681281618
2017,4,Línea 11,8377,8377.0
2025,8,Línea 1,11133396,21410.376923076925
2018,9,Línea 2,22252303,31341.271830985916
2016,9,Línea 1,20672819,35338.152136752135
2013,9,Línea 2,23082951,33550.80087209302
2017,4,Línea 1,18667723,31965.279109589042
2013,9,Línea 7,8092805,19453.858173076922
2018,6,Línea 7,8825961,21318.746376811596
2020,12,Línea 2,9728552,13937.753581661891
2017,4,Línea 4,2273688,7786.602739726028
2018,9,Línea A,8480460,28553.737373737375
2016,6,Línea 7,8934704,21529.40722891566
2017,4,Línea 2,20818806,29572.167613636364
2020,12,Línea 9,4331004,12030.566666666668
2020,12,Línea 1,11255686,18512.64144736842
2018,4,Línea B,12336710,20027.126623376622
2018,11,Línea 2,21940198,30901.68732394366
2017,4,Línea 7,7735652,18775.85436893204
2013,6,Línea B,13319854,21380.182985553773
2021,3,Línea 12,5964235,9841.97194719472
2021,3,Línea 6,1711465,5124.146706586826
2019,9,Línea A,6516326,22470.089655172414
2018,6,Línea 1,19756607,33485.774576271186
2018,11,Línea 4,2684700,9009.060402684563
2016,6,Línea 6,4025319,12347.604294478528
2020,10,Línea 7,4339706,10115.864801864802
2025,8,Línea A,6423253,21627.11447811448
2020,10,Línea 4,1274435,4137.775974025974
2019,9,Línea 8,10476433,18808.67684021544
2017,4,Línea 8,10349853,18318.32389380531
2025,7,Línea 8,9517772,16552.646956521738
2013,6,Línea 1,21646697,37129.84048027444
2021,3,Línea 4,1132389,3724.9638157894738
2014,3,Línea 5,7279172,18335.445843828715
2016,9,Línea 5,6938889,18308.41424802111
2016,6,Línea 11,51124,17041.333333333332
2025,7,Línea 2,17691543,24368.51652892562
2014,3,Línea A,7672357,24991.390879478826
2020,10,Línea 9,4927332,13499.539726027397
2013,6,Línea 9,9668386,27158.387640449437
2018,6,Línea B,12357328,19771.7248
2021,3,Línea 3,8014090,12680.522151898735
2014,3,Línea 4,2538233,8241.016233766233
2025,8,Línea 6,3053196,9033.124260355029
2016,9,Línea 2,22249013,31514.18271954674
2018,11,Línea 9,9179906,26079.278409090908
2025,7,Línea 9,7670427,21072.601648351647
2018,9,Línea 12,10615424,18022.791171477078
2016,6,Línea 1,21730025,36768.231810490695
2019,9,Línea B,12227746,19850.237012987014
2013,6,Línea A,7014449,24022.085616438355
2018,4,Línea 3,19115381,30831.259677419355
2018,6,Línea 5,6955250,18255.24934383202
2025,5,Línea 3,14495921,22685.322378716744
2016,9,Línea B,12699188,20615.564935064936
2018,9,Línea 5,7232565,18883.981723237597
2025,5,Línea 7,7242564,16726.475750577367
2017,4,Línea 3,17697364,28682.923824959482
2018,9,Línea 6,4200072,13003.318885448916
2018,4,Línea 12,10261294,17421.551782682513
2018,9,Línea B,12636640,20447.637540453074
2018,9,Línea 3,18189908,29673.585644371942
2016,9,Línea 6,4244159,13018.89263803681
2013,6,Línea 5,6562675,17045.909090909092
2017,4,Línea 5,6638194,17197.39378238342
2025,8,Línea 11,2140,2140.0
2020,10,Línea 6,1931073,5834.057401812689
2013,9,Línea 11,24118,24118.0
2018,9,Línea 4,2475186,8419.0
2016,9,Línea 11,18445,18445.0
2018,4,Línea 9,9301347,26127.379213483146
2018,4,Línea 2,22897487,32478.704964539007
2021,3,Línea 2,8964405,12381.774861878454
2025,7,Línea 12,9590711,15800.182866556837
2019,9,Línea 1,18809281,32043.06814310051
2016,9,Línea 12,9032265,15360.994897959185
2016,6,Línea 12,8530504,14632.082332761578
2019,9,Línea 6,4072673,12492.861963190184
2025,7,Línea B,9719313,15210.19248826291
2018,6,Línea 12,10425896,17611.31081081081
2019,9,Línea 12,10896678,18658.695205479453
2017,4,Línea A,7939186,27282.426116838487
2025,7,Línea 5,4416701,11125.191435768262
2025,7,Línea 7,7188119,16794.670560747665
2018,9,Línea 8,10624664,19074.800718132854
2013,9,Línea A,7152454,24578.87972508591
2021,3,Línea 9,4353411,12618.582608695651
2021,3,Línea 11,44342,44342.0
2013,6,Línea 12,7342140,12402.263513513513
2018,11,Línea 5,7326963,18932.720930232557
2018,11,Línea A,9131547,31059.683673469386
2021,3,Línea A,4382496,14416.105263157895
2020,10,Línea 2,10658360,15357.867435158501
2025,5,Línea 4,2033176,6622.723127035831
2019,9,Línea 5,6265589,16575.632275132277
2014,3,Línea B,13363463,20815.36292834891
2018,4,Línea 4,2444265,8399.536082474227
2013,9,Línea 5,7198851,18845.159685863873
2016,6,Línea B,12630398,20537.232520325204
2013,9,Línea 12,8088084,13802.191126279864
2016,9,Línea 4,2493879,8425.266891891892
2020,10,Línea B,7331846,11456.009375
2025,5,Línea 11,45160,11290.0
2021,3,Línea 8,5792857,10039.613518197573
2018,9,Línea 11,18220,18220.0
2025,8,Línea 12,9620342,15954.132669983417
2019,9,Línea 11,17757,17757.0
2016,6,Línea A,8436662,28892.678082191782
2016,6,Línea 4,2478289,8372.597972972973
2019,9,Línea 7,8705661,21130.245145631066
2013,6,Línea 3,19272844,31236.376012965964
2020,12,Línea 5,3549970,8919.522613065326
2020,10,Línea 5,3554076,9113.015384615384
2016,6,Línea 8,11011828,19628.926916221033
2013,6,Línea 11,17568,17568.0
2025,8,Línea 3,14567467,22977.077287066248
2018,6,Línea 3,18073539,29197.962843295638
2018,4,Línea A,8152607,27729.955782312925
2025,5,Línea B,10127518,15873.852664576803
2018,11,Línea 8,11115844,19956.631956912028
2014,3,Línea 8,10607123,18319.72884283247
2013,9,Línea 9,9971844,28248.84985835694
2019,9,Línea 9,8013112,22635.909604519773
2013,9,Línea 8,10766532,19225.95
2017,4,Línea 6,3743428,11518.24
2018,6,Línea 8,10915137,19596.296229802512
2021,3,Línea B,6438119,10075.303599374021
2018,4,Línea 8,11030014,19767.05017921147
2019,6,Línea 9,8006625,22681.657223796035
2025,11,Línea 6,3579968,10981.496932515338
2020,7,Línea 4,1040457,3334.798076923077
2015,3,Línea 4,2661988,8614.84789644013
2020,7,Línea 8,5124968,8882.093587521664
2019,6,Línea 7,8853262,21281.87980769231
2012,11,Línea 5,6721856,17689.094736842104
2014,12,Línea 4,2615045,8545.898692810457
2024,10,Línea 5,5223925,13125.439698492462
2024,12,Línea 4,2175447,7109.303921568628
2025,1,Línea 12,8733872,14388.586490939044
2014,5,Línea 5,7064765,17750.665829145728
2014,10,Línea 8,11709296,20470.797202797203
2020,8,Línea 7,3764647,8775.400932400933
2015,5,Línea 11,8159,8159.0
2020,8,Línea 8,5637677,9736.92055267703
2025,3,Línea 12,9788064,16151.920792079209
2024,12,Línea 11,49290,16430.0
2012,11,Línea 6,4777060,14608.74617737003
2025,11,Línea 7,8198274,19802.594202898552
2014,8,Línea 9,9816620,26894.84931506849
2014,10,Línea 1,22901849,38106.23793677205
2024,12,Línea 3,13117696,20657.788976377953
2014,5,Línea 7,8147382,18947.4
2012,11,Línea 9,10057773,28573.21875
2024,12,Línea 1,7190797,17976.9925
2014,12,Línea 7,7730409,18362.016627078385
2025,1,Línea 2,16913291,23328.67724137931
2019,6,Línea 8,10926538,19442.2384341637
2014,12,Línea 12,3660129,13456.35661764706
2012,11,Línea 2,25096233,35648.05823863636
2024,10,Línea 3,15833853,24701.79875195008
2015,10,Línea 3,20627284,32331.166144200626
2014,8,Línea 2,24996679,33916.796472184535
2019,6,Línea 6,3880285,12202.154088050314
2019,6,Línea 11,23373,23373.0
2024,12,Línea 6,3036036,9117.225225225226
2024,12,Línea B,10396995,16321.813186813188
2014,5,Línea A,7937133,25938.343137254902
2024,10,Línea 12,9998816,16499.696369636964
2012,11,Línea 12,5201991,10220.021611001965
2019,6,Línea 4,2296531,7758.550675675676
2019,6,Línea A,6336390,21406.722972972973
2020,7,Línea 3,7756280,12119.1875
2015,10,Línea 5,7591134,19073.201005025127
2015,3,Línea 9,10061150,27564.794520547945
2025,1,Línea B,9720016,15211.292644757434
2025,1,Línea 8,9290479,15963.02233676976
2024,10,Línea B,11119431,17483.382075471698
2024,10,Línea 9,8110255,22280.92032967033
2025,1,Línea 6,3000739,9011.228228228229
2012,11,Línea 3,20113340,32598.606158833063
2025,11,Línea 1,14004915,25325.343580470162
2015,3,Línea 7,8238801,19431.134433962263
2015,5,Línea 12,3834958,13996.197080291971
2015,5,Línea 3,19567897,30432.188180404355
2025,1,Línea 9,7258181,20050.223756906078
2025,3,Línea 3,15232000,23837.245696400627
2014,5,Línea 11,15455,15455.0
2019,6,Línea 5,6246519,16182.69170984456
2024,10,Línea 7,7867626,18296.80465116279
2024,10,Línea 4,2351353,7560.6205787781355
2015,10,Línea 6,4942620,14754.089552238805
2020,8,Línea 6,1712827,5082.572700296736
2015,10,Línea 8,12131549,20916.46379310345
2015,10,Línea 7,9302070,21835.845070422536
2014,12,Línea A,7916624,25956.14426229508
2019,4,Línea 3,16405652,26632.551948051947
2025,11,Línea 12,11070030,18955.530821917808
2015,3,Línea 5,7037072,17906.03562340967
2012,11,Línea B,13804716,22373.931928687198
2014,12,Línea 1,22194945,36746.59768211921
2024,10,Línea A,6741398,22248.838283828383
2015,10,Línea 9,10265909,28203.046703296703
2014,8,Línea B,13872720,21710.04694835681
2014,8,Línea 5,7443339,18654.984962406015
2014,5,Línea 9,9801719,26927.79945054945
2024,10,Línea 1,6685014,16967.040609137057
2015,5,Línea 6,4226646,12654.62874251497
2024,10,Línea 6,3484438,10401.307462686567
2014,5,Línea 6,3987439,11867.377976190477
2020,7,Línea 2,8479102,12095.723252496433
2014,8,Línea 7,8132781,19181.087264150945
2025,11,Línea 5,5249339,13670.153645833334
2019,4,Línea 1,18156740,30826.383701188453
2019,6,Línea 2,21829827,30833.088983050846
2019,4,Línea 12,9987457,17043.441979522184
2025,11,Línea 9,8348261,23582.658192090395
2014,8,Línea 8,11540496,19931.772020725388
2014,5,Línea 3,19680753,30896.001569858712
2019,6,Línea 3,17925178,28865.020933977456
2025,11,Línea 8,10992628,19700.05017921147
2025,3,Línea 9,7948579,21836.755494505494
2012,11,Línea 8,11034734,19740.13237924866
2014,12,Línea 11,16407,16407.0
2015,5,Línea 1,21919451,35816.09640522876
2015,5,Línea 4,2538035,8321.426229508197
2014,8,Línea 3,20201214,31663.344827586207
2014,10,Línea 9,10386922,28535.5
2019,4,Línea A,5935703,19985.531986531987
2014,12,Línea 8,11674297,20093.454388984508
2014,5,Línea 8,10972411,18788.375
2020,7,Línea 11,10948,10948.0
2014,5,Línea 2,24222803,33001.09400544959
2015,5,Línea A,8389781,27417.58496732026
2015,10,Línea 2,25053875,34179.911323328786
2015,10,Línea 4,2830449,9219.70358306189
2020,8,Línea 9,4294792,11766.553424657533
2014,10,Línea 12,4301075,15583.605072463768
2025,11,Línea B,11705570,19064.44625407166
2015,5,Línea 8,11314544,19746.150087260034
2025,3,Línea 1,6890819,17313.615577889446
2015,3,Línea 2,23597822,32503.887052341597
2025,1,Línea 7,6885148,16200.348235294117
2012,11,Línea 1,21436673,36271.866328257194
2020,7,Línea 7,3391557,7942.75644028103
2015,5,Línea 9,9867774,26961.131147540982
2019,6,Línea B,12025689,19617.763458401307
2014,5,Línea 1,21488567,35169.50409165303
2025,1,Línea A,6005645,19626.2908496732
2015,3,Línea 1,22428758,36469.52520325203
2014,12,Línea 6,3703856,10958.153846153846
2014,5,Línea 4,2533744,8362.191419141915
2014,10,Línea A,8955908,29077.623376623378
2015,3,Línea B,12891392,20237.66405023548
2015,10,Línea A,8617480,28254.032786885247
2015,3,Línea 8,11535301,19991.856152513
2020,8,Línea 3,8863258,13741.48527131783
2014,8,Línea A,8371518,27447.6
2020,8,Línea 4,1142247,3720.674267100977
2015,5,Línea B,13154989,20716.518110236222
2020,8,Línea B,6525964,10117.773643410852
2025,11,Línea 3,15900381,25728.771844660194
2014,12,Línea 2,23962480,32690.968622100954
2020,8,Línea 12,5589526,9103.462540716613
2020,7,Línea A,3574463,11914.876666666667
2024,10,Línea 8,10522219,18363.38394415358
2024,12,Línea 12,8723011,14418.2
2024,12,Línea 2,18634279,25421.93587994543
2014,10,Línea 7,8883487,20804.41920374707
2020,8,Línea 2,9588639,13698.055714285714
2012,11,Línea A,7282744,24438.738255033557
2012,11,Línea 4,2430660,8211.68918918919
2020,8,Línea 5,3207766,8080.015113350126
2020,7,Línea 9,3914744,10754.791208791208
2014,12,Línea 5,6910109,17189.325870646768
2019,6,Línea 1,18495595,31562.44880546075
2014,8,Línea 6,4199188,12497.583333333334
2024,12,Línea 9,7270970,19811.907356948228
2014,10,Línea 2,25056110,34229.65846994535
2014,5,Línea B,13463868,21169.603773584906
2025,11,Línea 2,19571541,27840.02987197724
2015,3,Línea 3,20276432,31731.505477308296
2019,4,Línea 11,62420,15605.0
2024,12,Línea 8,9625297,16681.62391681109
2014,5,Línea 12,4063317,14775.698181818181
2012,11,Línea 7,7662916,18509.45893719807
2014,12,Línea 3,17998615,28166.84663536776
2020,8,Línea A,3866004,12717.118421052632
2015,3,Línea 12,3955561,14383.858181818181
2025,3,Línea B,10647455,16636.6484375
2024,12,Línea 5,4600027,11586.969773299748
2014,10,Línea B,13697349,21570.62834645669
2015,10,Línea B,13888802,21975.95253164557
2025,3,Línea A,6217470,20587.649006622516
2025,1,Línea 5,4442386,11275.091370558375
2014,8,Línea 11,56182,56182.0
2015,3,Línea 6,4344094,12852.349112426036
2025,3,Línea 4,2045619,6685.029411764706
2015,5,Línea 5,6756384,17018.59949622166
2019,4,Línea 2,19877277,28315.209401709402
2014,12,Línea 9,9430899,25909.063186813186
2020,8,Línea 1,9903033,17103.683937823833
2020,7,Línea B,5740062,9053.725552050473
2024,12,Línea A,6092406,20040.809210526317
2025,1,Línea 3,13681184,21376.85
2025,3,Línea 6,3369120,10027.142857142857
2014,12,Línea B,13396855,20998.205329153607
2024,10,Línea 2,19843202,27182.468493150685
2025,3,Línea 8,9949899,17214.35813148789
2015,10,Línea 11,44510,44510.0
2019,4,Línea 8,10089409,18179.115315315314
2020,7,Línea 5,3027405,7644.962121212121
2020,7,Línea 1,8990773,15554.970588235294
2014,10,Línea 3,21261208,32963.113178294574
2020,7,Línea 12,5001879,8240.327841845141
2015,10,Línea 1,23088729,37912.52709359606
2025,3,Línea 7,7628302,17781.589743589742
2025,3,Línea 11,58509,29254.5
2014,8,Línea 1,22753738,37734.225538971805
2014,8,Línea 12,4058931,14653.180505415163
2019,4,Línea 6,3663900,11343.343653250775
2019,4,Línea 4,2148740,7283.864406779661
2025,11,Línea A,7300500,24747.457627118645
2019,4,Línea 9,7309158,20531.342696629214
2012,11,Línea 11,48291,48291.0
2025,1,Línea 4,1869799,6191.387417218543
2020,8,Línea 11,36255,18127.5
2025,11,Línea 4,2581600,8751.186440677966
2015,3,Línea A,8618643,28165.5
2025,11,Línea 11,10170,10170.0
2025,3,Línea 2,18347129,25236.766162310865
2019,6,Línea 12,10612586,18203.40651801029
2015,3,Línea 11,5961,5961.0
2014,10,Línea 5,7245713,18297.25505050505
2019,4,Línea 7,7767626,18899.333333333332
2019,4,Línea B,11515903,18604.043618739903
2014,10,Línea 6,4205455,12516.235119047618
2020,7,Línea 6,1625312,4880.816816816817
2025,3,Línea 5,4939932,12537.89847715736
2015,5,Línea 7,8109503,19036.39201877934
2025,1,Línea 1,6592156,16521.694235588973
2014,10,Línea 4,2652253,8782.294701986755
2019,4,Línea 5,5991149,15683.63612565445
2015,5,Línea 2,24157644,32912.321525885556
2014,8,Línea 4,2600165,8609.817880794702
2024,12,Línea 7,6554300,15385.68075117371
2015,10,Línea 12,4507527,15436.736301369863
2021,4,Línea 8,5474561,9758.575757575758
2020,11,Línea A,4300097,14626.180272108844
2025,4,Línea 2,17277116,24299.741209563996
2021,4,Línea 2,8744553,12368.53323903819
2016,2,Línea 9,9292332,27170.56140350877
2024,11,Línea 7,7210848,17502.058252427185
2025,6,Línea 9,7551040,21210.786516853932
2015,11,Línea A,8082358,27774.426116838487
2025,6,Línea 7,6969259,16833.95893719807
2020,9,Línea B,6325802,10285.856910569106
2025,4,Línea 9,7366001,21227.668587896253
2025,9,Línea 3,14444328,23334.940226171246
2015,8,Línea B,13242887,20563.489130434784
2014,7,Línea 5,6371601,16049.372795969774
2014,7,Línea A,7756562,25855.206666666665
2025,9,Línea 12,10038713,17043.655348047538
2024,11,Línea 2,18784343,26531.55790960452
2020,2,Línea 5,6158912,16827.628415300547
2015,1,Línea 12,4247737,15616.680147058823
2020,9,Línea A,3990260,13665.27397260274
2020,2,Línea 6,3978572,12751.833333333334
2025,4,Línea 11,112307,37435.666666666664
2015,8,Línea 8,11475115,19784.681034482757
2015,11,Línea 6,4456593,13587.173780487805
2025,4,Línea 7,6973924,17051.158924205378
2024,5,Línea A,5903913,19357.091803278687
2015,11,Línea 9,9651136,27340.328611898018
2024,3,Línea 7,6765285,15733.220930232557
2020,2,Línea B,11759615,19764.058823529413
2024,5,Línea 7,7335012,17218.338028169015
2024,3,Línea 2,15331962,21031.49794238683
2025,9,Línea 8,9561677,17013.660142348755
2024,5,Línea 11,15513,15513.0
2025,9,Línea 4,2161048,7203.493333333333
2021,4,Línea 7,3752949,9131.262773722628
2015,7,Línea 7,8366148,19456.158139534884
2015,7,Línea 5,7096421,17696.81047381546
2021,4,Línea 5,3321827,8695.882198952879
2020,2,Línea 12,10900560,19258.939929328622
2024,3,Línea B,10260040,15956.516329704511
2024,5,Línea 6,3383827,10070.91369047619
2020,2,Línea 7,8654988,21583.511221945137
2015,8,Línea 3,19511044,30581.5736677116
2015,1,Línea A,8053558,26756.00664451827
2024,3,Línea 6,3083940,9205.791044776119
2014,7,Línea 3,18612629,29127.744913928014
2020,11,Línea 5,3436945,9044.592105263158
2015,7,Línea 12,3937866,14319.512727272728
2025,6,Línea 4,1934652,6602.907849829351
2020,11,Línea 4,1265190,4259.89898989899
2020,2,Línea 11,33675,11225.0
2025,4,Línea 6,2988802,9310.909657320872
2025,9,Línea 1,10556170,21197.128514056225
2015,1,Línea 9,9337688,26010.27298050139
2014,7,Línea 8,11085643,19245.90798611111
2020,2,Línea 3,18239532,30399.22
2014,7,Línea 12,3888113,14294.533088235294
2020,9,Línea 3,8881206,14324.525806451613
2025,4,Línea 4,1909966,6452.5878378378375
2024,8,Línea 2,18563249,25187.583446404344
2020,2,Línea 2,21098712,30981.955947136565
2025,9,Línea 6,3279046,10058.423312883435
2016,2,Línea 4,2416533,8419.975609756097
2024,3,Línea 8,9809096,17178.80210157618
2024,8,Línea 6,3147579,9284.893805309735
2024,8,Línea 1,5618549,18301.462540716613
2020,9,Línea 8,5784995,10385.987432675045
2016,2,Línea 12,8045699,14140.068541300527
2015,7,Línea 11,63805,31902.5
2015,11,Línea B,13202559,21363.364077669903
2014,7,Línea 2,23414960,32163.406593406595
2014,7,Línea 6,3695048,10964.53412462908
2015,8,Línea 2,24125125,32868.01771117166
2024,8,Línea 12,9308305,15385.628099173553
2016,2,Línea 8,10732804,20136.59287054409
2024,8,Línea 5,5032506,12612.796992481202
2024,5,Línea 8,10439745,18030.647668393784
2015,1,Línea 3,19102258,29754.295950155763
2025,6,Línea 1,9941408,19803.6015936255
2025,4,Línea 8,9072350,16171.74688057041
2016,2,Línea 7,8250302,20677.448621553885
2015,1,Línea 7,7842176,18408.863849765257
2024,8,Línea 7,7290496,16915.303944315547
2015,7,Línea 4,2512547,8237.859016393442
2020,9,Línea 6,1748002,5395.067901234568
2024,11,Línea 12,9537317,16137.592216582065
2015,7,Línea 8,11518933,19791.981099656357
2024,11,Línea B,10379016,16794.52427184466
2020,9,Línea 4,1081682,3642.026936026936
2020,9,Línea 12,5760105,9779.465195246179
2015,11,Línea 2,23211656,33206.947067238914
2025,6,Línea 2,16984570,24229.058487874467
2014,7,Línea 4,2494644,8206.065789473685
2025,6,Línea 3,13409901,21628.872580645162
2024,11,Línea 4,2115160,7170.033898305085
2024,11,Línea 5,4861968,12794.652631578947
2021,4,Línea A,3947049,13471.156996587031
2015,1,Línea 11,27780,13890.0
2015,7,Línea A,5876143,38406.163398692814
2015,11,Línea 1,21244108,36252.74402730376
2015,1,Línea 2,23368497,31880.623465211458
2025,6,Línea 6,3051740,9477.453416149068
2015,8,Línea A,6443930,33737.85340314136
2025,9,Línea 2,17191335,24524.015691868757
2024,11,Línea 8,10117311,18131.38172043011
2016,2,Línea 5,6875161,18581.516216216216
2015,8,Línea 6,4230503,12628.367164179104
2015,8,Línea 12,3796748,13806.356363636363
2015,1,Línea 1,22182828,36187.32137030995
2016,2,Línea 2,22203268,32413.5299270073
2021,4,Línea 1,9750629,16278.178631051753
2021,4,Línea 6,1683809,5213.030959752322
2024,3,Línea 3,12245817,19284.75118110236
2025,4,Línea B,9719243,15777.991883116883
2020,9,Línea 2,9443715,14137.297904191617
2025,4,Línea 12,9194264,15478.558922558923
2024,11,Línea 6,3080734,9749.158227848102
2014,7,Línea 1,22367700,36548.529411764706
2025,4,Línea 1,7063306,17061.125603864733
2015,7,Línea 1,22370978,36854.98846787479
2020,11,Línea 8,5817909,10389.123214285713
2020,11,Línea 7,4077100,9800.721153846154
2021,4,Línea 9,3941575,11765.89552238806
2024,3,Línea 5,4981115,12483.997493734336
2015,1,Línea 4,2499157,8167.179738562091
2015,1,Línea 5,6814697,17252.39746835443
2020,11,Línea 12,6078968,10373.665529010239
2016,2,Línea 6,4074887,12977.347133757961
2020,11,Línea 2,10325667,15319.980712166172
2020,9,Línea 1,10331788,17999.630662020907
2015,1,Línea B,12994495,20431.595911949684
2025,6,Línea 12,9334658,16011.42024013722
2016,2,Línea B,12625707,21148.587939698493
2024,5,Línea 3,14876192,23538.278481012658
2016,2,Línea 11,18470,18470.0
2024,3,Línea 1,4943979,16051.87987012987
2015,11,Línea 8,11272807,20094.130124777184
2020,9,Línea 5,3251824,8557.431578947368
2015,8,Línea 9,9789342,27042.381215469613
2015,11,Línea 3,19032652,30648.392914653785
2021,4,Línea 4,1076083,3685.2157534246576
2016,2,Línea A,8091564,28693.489361702126
2020,9,Línea 7,3881244,9374.985507246376
2015,7,Línea 3,18498978,28995.263322884013
2021,4,Línea 12,5516099,9494.14629948365
2025,6,Línea B,9731411,15823.432520325203
2024,5,Línea 4,2106167,6951.046204620462
2024,8,Línea 3,14898041,23424.5927672956
2020,9,Línea 9,4422100,12421.629213483146
2024,8,Línea A,5791759,18804.41233766234
2024,11,Línea 1,6699696,17401.807792207794
2024,3,Línea A,5517782,18454.120401337794
2024,3,Línea 11,10963,10963.0
2020,2,Línea 8,10539188,19409.18600368324
2015,7,Línea 9,10067250,27581.50684931507
2025,9,Línea 5,4706011,12255.236979166666
2024,5,Línea 2,18109027,24806.886301369865
2025,6,Línea 8,9126310,16384.75763016158
2024,8,Línea 4,2157152,6981.074433656958
2015,11,Línea 4,2571851,8718.138983050847
2020,11,Línea 6,1875683,5753.628834355828
2015,11,Línea 5,7071649,18367.919480519482
2016,2,Línea 1,20176911,35336.09632224168
2015,8,Línea 7,8244565,19398.976470588233
2024,5,Línea B,10801851,17118.622820919176
2021,4,Línea B,6282775,10215.894308943089
2024,11,Línea 3,14885464,23931.614147909968
2015,8,Línea 4,2625468,8496.660194174758
2024,5,Línea 12,8996438,14748.259016393442
2025,9,Línea 11,45679,15226.333333333334
2020,11,Línea 3,9585711,15361.716346153846
2025,6,Línea A,5920401,19934.010101010103
2015,8,Línea 11,179092,59697.333333333336
2024,3,Línea 12,8048029,13193.490163934426
2025,9,Línea 9,7613809,21691.763532763533
2016,2,Línea 3,18812274,31617.267226890755
2024,3,Línea 9,5788825,21282.444852941175
2015,7,Línea B,13300636,20653.16149068323
2020,11,Línea 11,29678,29678.0
2025,9,Línea A,6322878,21653.69178082192
2024,5,Línea 9,6395002,23424.915750915752
2024,3,Línea 4,2077553,6701.783870967742
2020,11,Línea 9,4551769,13005.054285714286
2015,11,Línea 7,8489429,20456.455421686747
2025,9,Línea B,9882206,16121.05383360522
2024,8,Línea B,10747721,16925.544881889764
2014,7,Línea B,13029844,20455.014128728413
2015,1,Línea 8,11664416,20076.447504302927
2015,7,Línea 2,23492306,32269.6510989011
2020,2,Línea 4,2497897,8643.242214532873
2021,4,Línea 3,8093199,12990.6886035313
2015,7,Línea 6,4383593,13046.407738095239
2020,11,Línea B,7019375,11358.211974110032
2024,11,Línea A,6328518,21599.037542662118
2024,5,Línea 5,5118592,12860.78391959799
2025,6,Línea 11,27342,13671.0
2020,2,Línea 9,7947353,23443.5191740413
2025,6,Línea 5,4438848,11499.60621761658
2015,11,Línea 11,12182,12182.0
2025,4,Línea A,5764444,19474.472972972973
2015,8,Línea 1,22798836,37559.86161449753
2024,8,Línea 8,10532756,18128.667814113596
2025,4,Línea 3,13687994,22293.14983713355
2024,11,Línea 9,7646289,21538.84225352113
2024,5,Línea 1,4954079,16513.596666666668
2014,7,Línea 9,9686226,26465.09836065574
2020,11,Línea 1,11513450,19415.598650927488
2025,4,Línea 5,4446368,11489.32299741602
2015,8,Línea 5,7138219,17980.40050377834
2014,7,Línea 7,8158676,18973.66511627907
2015,1,Línea 6,4007851,12071.840361445784
2024,8,Línea 9,6331686,23450.68888888889
2020,2,Línea A,6562287,23188.293286219083
2025,9,Línea 7,7278094,17751.448780487804
2020,2,Línea 1,18145208,31833.698245614036
2015,11,Línea 12,5544968,13233.8138424821
2020,9,Línea 11,2569,2569.0
2014,4,Línea 1,20142091,34489.88184931507
2010,10,Línea 6,4432474,13075.144542772861
2023,10,Línea 5,4451449,11298.093908629442
2023,10,Línea A,5863017,19807.489864864863
2024,9,Línea 5,5129826,13289.704663212435
2015,4,Línea B,12303004,20004.884552845528
2014,11,Línea A,7982974,26878.700336700338
2024,9,Línea 4,2070212,7065.569965870307
2014,11,Línea 8,11287219,20084.019572953737
2010,10,Línea 2,26089499,35690.14911080711
2018,2,Línea 5,6794022,18977.71508379888
2023,10,Línea 7,7551972,17644.794392523363
2015,9,Línea A,8061084,27512.23208191126
2010,12,Línea 11,50986,16995.333333333332
2024,7,Línea 2,17721247,24375.855570839063
2015,9,Línea B,12910022,20923.860615883306
2015,4,Línea 7,7449337,18438.95297029703
2013,2,Línea A,6990342,25512.19708029197
2015,9,Línea 1,21333953,36406.06313993174
2024,9,Línea 3,14888756,23936.906752411574
2017,2,Línea 12,8855900,16189.945155393052
2014,2,Línea 7,7645898,19756.842377260982
2024,7,Línea 6,3083885,9178.229166666666
2010,10,Línea B,14705492,23013.28951486698
2023,12,Línea 5,4955210,12481.637279596976
2015,4,Línea 6,4010598,12611.943396226416
2013,2,Línea 9,9625461,29079.94259818731
2024,9,Línea 1,5630798,16273.982658959538
2015,4,Línea 5,6968650,18006.84754521964
2014,2,Línea 2,22207771,33750.411854103346
2014,9,Línea 3,20099905,32576.831442463532
2023,12,Línea 12,4964174,11707.957547169812
2015,9,Línea 11,2544,2544.0
2010,10,Línea 3,23279875,36205.0933125972
2015,9,Línea 5,7121364,18691.24409448819
2023,12,Línea 1,5327008,17295.48051948052
2024,7,Línea 4,2007568,6625.63696369637
2014,11,Línea 9,9132403,26092.58
2015,9,Línea 7,8126281,19723.983009708736
2024,7,Línea 5,4553490,11527.822784810127
2014,6,Línea 5,6475740,16863.90625
2015,4,Línea 4,2431170,8213.412162162162
2024,9,Línea 9,6770467,20578.927051671733
2019,2,Línea 3,17387720,29773.49315068493
2010,12,Línea 2,24918358,33856.46467391304
2023,12,Línea A,5934393,19267.50974025974
2014,9,Línea 7,8226188,19918.130750605327
2014,2,Línea 12,7587793,13821.116575591985
2014,2,Línea A,6920212,25256.24817518248
2014,6,Línea 3,18580847,30017.523424878837
2014,9,Línea B,13134717,21116.90836012862
2014,9,Línea 2,23846482,33729.1117397454
2014,4,Línea 5,6414660,16970.0
2019,2,Línea 8,10414878,19837.862857142856
2014,6,Línea 2,22782904,32179.24293785311
2015,4,Línea 11,27523,13761.5
2024,9,Línea A,5738623,19652.818493150684
2018,2,Línea 11,11944,11944.0
2014,11,Línea B,12843516,20782.388349514564
2010,12,Línea 7,7072207,16758.784360189573
2014,4,Línea 3,18357611,29561.37037037037
2019,2,Línea 6,3891559,12885.956953642384
2018,2,Línea 9,8938022,27084.91515151515
2017,2,Línea 9,9103954,27671.59270516717
2018,2,Línea 2,21574788,32838.33789954338
2010,10,Línea 5,6860910,17195.263157894737
2014,4,Línea 11,38414,38414.0
2014,11,Línea 2,23220286,33077.33048433049
2017,2,Línea 6,3823177,12494.04248366013
2014,9,Línea 4,2618556,8967.657534246575
2024,7,Línea 1,5316393,17662.435215946844
2018,2,Línea 12,8658174,15945.07182320442
2014,4,Línea 12,3734082,14144.25
2023,10,Línea B,10877574,16996.209375
2024,9,Línea B,10362705,16795.307941653162
2019,2,Línea 2,20188636,30822.34503816794
2023,12,Línea 2,15504066,21267.58024691358
2024,7,Línea 3,13481748,21231.099212598427
2010,12,Línea 3,19783187,30863.00624024961
2015,4,Línea A,7972571,26843.6734006734
2024,7,Línea A,5441812,17725.771986970685
2017,2,Línea 1,18454792,33615.28597449909
2014,9,Línea 1,22520364,38041.15540540541
2013,2,Línea 11,18049,9024.5
2023,10,Línea 1,5729552,20987.36996336996
2024,7,Línea B,10045182,15769.516483516483
2018,2,Línea 1,18556963,33496.32310469314
2010,12,Línea 6,3715538,11058.14880952381
2017,2,Línea 2,21596273,32524.50753012048
2019,2,Línea A,6093849,22159.45090909091
2019,2,Línea 5,5845854,16560.492917847027
2014,6,Línea 11,25966,25966.0
2024,9,Línea 2,17688663,25269.518571428573
2014,9,Línea A,8172065,28673.912280701756
2017,2,Línea B,11772154,20437.76736111111
2014,4,Línea B,12365307,19976.263327948305
2017,2,Línea 5,6584179,18391.561452513968
2013,2,Línea 6,3693211,12269.803986710964
2015,4,Línea 9,9423424,26695.252124645893
2018,2,Línea B,11592923,20091.720970537262
2014,2,Línea 8,9369597,18158.133720930233
2014,9,Línea 6,4096030,12800.09375
2015,4,Línea 3,19022056,30484.0641025641
2010,10,Línea 4,2465067,8108.773026315789
2014,9,Línea 8,12429711,22315.45960502693
2014,9,Línea 9,10264287,29159.90625
2014,9,Línea 5,7005569,18339.185863874347
2019,2,Línea 7,8405816,21776.725388601037
2024,9,Línea 11,40540,20270.0
2023,12,Línea 3,12100451,19085.884858044163
2019,2,Línea 12,10310337,18952.82536764706
2017,2,Línea A,8160119,30000.4375
2024,7,Línea 9,6055486,22262.816176470587
2014,6,Línea 9,8895836,25058.69295774648
2010,10,Línea A,7010652,23137.465346534653
2014,4,Línea A,6911986,23590.39590443686
2014,4,Línea 7,7731022,18407.19523809524
2024,9,Línea 12,9269893,15738.358234295416
2013,2,Línea 12,6146675,11216.560218978102
2015,4,Línea 1,20872812,35377.64745762712
2013,2,Línea 7,7294461,19095.447643979056
2015,4,Línea 8,10773383,19169.720640569394
2014,11,Línea 7,8060260,19563.73786407767
2014,2,Línea 9,9223727,27866.244712990938
2014,11,Línea 4,2471600,8464.383561643835
2024,9,Línea 7,7100329,17192.0799031477
2023,12,Línea 9,7132156,21678.285714285714
2014,11,Línea 1,21315363,36127.73389830509
2023,12,Línea 4,2032774,6557.335483870967
2019,2,Línea 4,2206837,8083.652014652014
2014,2,Línea B,12260273,21248.30675909879
2023,10,Línea 9,8128746,22209.688524590165
2018,2,Línea 7,8031755,21025.53664921466
2024,7,Línea 11,53419,26709.5
2015,9,Línea 8,11282968,20148.157142857144
2023,12,Línea 8,10127260,17612.626086956523
2014,6,Línea 7,7744129,18660.551807228916
2015,9,Línea 9,9522811,27130.51566951567
2015,9,Línea 2,23021963,32379.694796061885
2023,12,Línea 6,3143474,9383.504477611941
2014,4,Línea 6,3705726,11367.257668711656
2014,6,Línea 12,3864218,14527.135338345865
2018,2,Línea 6,4143898,13410.673139158576
2010,12,Línea 1,22161228,36569.683168316835
2024,7,Línea 8,10039152,17368.77508650519
2019,2,Línea 11,28552,28552.0
2014,11,Línea 3,19258346,31061.848387096776
2013,2,Línea 3,18608928,32877.96466431095
2014,4,Línea 8,9996900,17851.60714285714
2015,9,Línea 12,3916368,14723.187969924813
2010,12,Línea 12,5000,5000.0
2023,12,Línea 11,30187,15093.5
2024,7,Línea 12,8934533,14551.35667752443
2024,9,Línea 8,10212295,18367.437050359713
2023,10,Línea 6,3624716,10852.443113772455
2014,2,Línea 1,19036825,34865.979853479854
2010,10,Línea 7,7885819,18381.86247086247
2015,9,Línea 6,4392342,13640.813664596273
2013,2,Línea 8,10301929,19773.376199616123
2014,2,Línea 3,18823093,32678.980902777777
2014,6,Línea B,12739663,20614.34142394822
2013,2,Línea 5,6348275,17634.097222222223
2014,2,Línea 5,6526866,18180.6852367688
2015,9,Línea 4,2567215,8557.383333333333
2015,4,Línea 2,21942393,31256.970085470086
2014,2,Línea 6,3808609,12405.892508143323
2017,2,Línea 8,10425971,19973.124521072798
2017,2,Línea 7,8349926,21520.427835051545
2013,2,Línea B,12793348,22133.820069204154
2023,10,Línea 3,14456132,22447.4099378882
2015,9,Línea 3,19405405,31400.331715210355
2014,6,Línea 6,3724737,11603.542056074766
2015,4,Línea 12,3657990,13700.337078651686
2014,11,Línea 12,4390290,16693.11787072243
2023,10,Línea 2,16765193,22966.017808219178
2014,6,Línea 1,20987287,35451.49831081081
2014,11,Línea 6,3890466,11861.176829268292
2013,2,Línea 2,23046686,34761.21568627451
2013,2,Línea 4,2189797,8021.2344322344325
2023,12,Línea 7,6481542,14934.42857142857
2010,10,Línea 9,9328603,25349.464673913044
2014,4,Línea 4,2280486,7783.22866894198
2019,2,Línea 1,18126342,32778.19529837251
2018,2,Línea 3,18257009,31696.196180555555
2024,7,Línea 7,7012047,16421.655737704918
2014,11,Línea 11,23033,23033.0
2019,2,Línea 9,7727299,23135.625748502993
2014,4,Línea 9,8834243,25240.694285714286
2010,12,Línea A,7225184,23767.052631578947
2013,2,Línea 1,19491370,35633.217550274225
2014,4,Línea 2,22878991,32043.404761904763
2014,11,Línea 5,6686282,17549.29658792651
2010,12,Línea 5,7114091,17740.875311720698
2014,6,Línea 4,2381038,8071.315254237288
2018,2,Línea 8,10168666,19630.629343629345
2010,10,Línea 8,12960990,22778.541300527242
2023,12,Línea B,11554694,17914.25426356589
2023,10,Línea 12,5510204,13213.918465227818
2010,12,Línea 8,12427957,21576.31423611111
2014,6,Línea A,7817995,26501.677966101695
2014,9,Línea 12,3927842,14656.126865671642
2018,2,Línea 4,2345032,8465.819494584837
2010,12,Línea B,14742798,22857.051162790696
2014,6,Línea 8,10642884,19073.2688172043
2023,10,Línea 4,2395261,7879.148026315789
2010,12,Línea 9,8895670,24710.194444444445
2024,9,Línea 6,3320144,10153.345565749236
2023,10,Línea 8,10329238,17901.625649913345
2017,2,Línea 3,18201625,31932.675438596492
2018,2,Línea A,7942896,28571.56834532374
2010,12,Línea 4,2605307,8514.075163398693
2017,2,Línea 4,2399989,8695.61231884058
2014,2,Línea 4,2332654,8360.767025089606
2019,2,Línea B,11606649,20011.46379310345
2010,10,Línea 1,21847586,35992.728171334435
2011,5,Línea 3,20211162,31828.60157480315
2011,12,Línea 11,93525,93525.0
2012,10,Línea B,14684836,22873.576323987538
2012,3,Línea 7,7936077,18985.83014354067
2010,3,Línea 4,2286656,7472.732026143791
2024,1,Línea 7,6349083,14974.252358490567
2011,10,Línea 5,6502239,16378.435768261965
2010,8,Línea 3,22272122,34637.82581648522
2012,10,Línea 4,2733815,8992.8125
2011,5,Línea A,8212464,27283.933554817275
2011,8,Línea 1,22547456,37084.63157894737
2011,1,Línea 5,5861468,14839.159493670886
2024,4,Línea 5,5070186,13135.19689119171
2010,5,Línea 7,7020406,16596.70449172577
2011,3,Línea 9,9047982,24653.901907356947
2011,10,Línea A,8375820,28201.41414141414
2011,10,Línea B,14501736,22518.22360248447
2010,8,Línea 8,12681962,22132.568935427575
2012,1,Línea 7,7705294,18172.86320754717
2012,3,Línea B,14114320,22053.625
2012,5,Línea A,8638795,28605.281456953642
2015,6,Línea 8,11515595,20600.3488372093
2024,4,Línea 12,8700666,14672.286677908938
2011,1,Línea 11,12967,12967.0
2011,5,Línea 6,4466607,13333.155223880596
2011,12,Línea A,8046537,26556.227722772277
2011,12,Línea 4,2843397,9261.87947882736
2012,3,Línea 5,6358606,15896.515
2024,1,Línea B,10588022,16466.597200622084
2011,10,Línea 11,119283,59641.5
2015,6,Línea 5,6927287,17992.953246753248
2010,3,Línea B,13340164,21107.854430379746
2010,3,Línea 11,59945,59945.0
2011,5,Línea 9,9034397,24888.146005509643
2010,5,Línea 3,20974253,33082.417981072555
2010,3,Línea 9,9751648,26643.84699453552
2012,5,Línea 1,22300889,36860.973553719006
2023,8,Línea B,10888953,16987.446177847112
2011,10,Línea 7,8806871,20528.83682983683
2010,5,Línea 8,11419604,19791.341421143847
2012,10,Línea 8,12919856,22352.692041522492
2023,8,Línea 9,8174641,22213.698369565216
2011,12,Línea 7,8220110,19161.09557109557
2012,1,Línea 9,9187152,25239.428571428572
2023,8,Línea 3,15154413,23641.82995319813
2010,8,Línea 11,58868,19622.666666666668
2012,5,Línea 11,11205,5602.5
2010,8,Línea 4,2388232,7908.05298013245
2011,12,Línea 12,5000,5000.0
2011,1,Línea 1,20944782,34562.346534653465
2010,5,Línea 2,23928686,32600.389645776566
2011,5,Línea 1,21438636,35087.78396072013
2011,8,Línea B,14037012,22001.58620689655
2024,4,Línea 2,16675343,23586.057991513437
2011,5,Línea B,13440874,21034.231611893585
2010,5,Línea 11,90691,30230.333333333332
2011,12,Línea B,14374117,22600.812893081762
2012,3,Línea 8,12315944,21531.37062937063
2011,10,Línea 4,2809591,9334.189368770763
2024,1,Línea 4,1848259,6079.799342105263
2010,8,Línea 7,7478635,17596.788235294116
2010,5,Línea 6,3612113,10718.436201780416
2012,5,Línea 6,4835945,14307.529585798817
2012,3,Línea A,8575707,28209.5625
2015,6,Línea 7,8515355,20518.927710843374
2024,4,Línea 3,14348844,23068.881028938908
2012,1,Línea 8,11854698,20509.85813148789
2011,3,Línea 2,26389258,36348.840220385675
2011,3,Línea 7,8505037,19918.11943793911
2024,1,Línea A,5639366,18735.435215946844
2024,1,Línea 6,3060321,9081.07121661721
2011,8,Línea 7,8572738,20314.545023696683
2011,5,Línea 11,32881,16440.5
2010,3,Línea 2,23652257,32179.94149659864
2023,8,Línea 5,5065436,12663.59
2011,8,Línea 2,28039388,38462.809327846364
2023,8,Línea 8,10482882,18231.09913043478
2012,10,Línea 1,22958299,37760.36019736842
2024,1,Línea 1,5130249,16602.747572815533
2024,4,Línea A,5832369,19837.98979591837
2010,3,Línea 7,7018422,16513.93411764706
2010,5,Línea 5,6624985,16943.695652173912
2012,1,Línea A,8162813,26939.97689768977
2010,8,Línea 5,7139451,17983.50377833753
2010,3,Línea 1,21355586,35298.48925619835
2015,6,Línea 12,3969476,14979.154716981133
2012,5,Línea 12,5000,5000.0
2015,6,Línea 2,23355234,33127.9914893617
2012,1,Línea B,13370067,20890.7296875
2023,8,Línea 6,3125589,9274.744807121662
2011,12,Línea 9,8608320,23779.88950276243
2010,8,Línea 2,25302259,34851.596418732785
2010,5,Línea B,13611575,21201.830218068535
2024,4,Línea 8,10101899,18168.88309352518
2012,5,Línea 4,2428810,8096.033333333334
2011,12,Línea 3,19305989,30118.547581903276
2024,1,Línea 2,15073930,20620.97127222982
2010,8,Línea 9,9858883,27159.45730027548
2012,5,Línea 5,6101508,15604.879795396419
2024,1,Línea 5,4745965,12138.017902813299
2010,8,Línea 1,21823966,36192.315091210614
2011,1,Línea 8,11778643,20484.59652173913
2011,8,Línea 3,21278055,33246.9609375
2011,3,Línea 1,21283477,35121.249174917495
2011,8,Línea A,8733043,28727.115131578947
2010,3,Línea 6,3728486,11096.684523809523
2012,5,Línea 2,26041490,35919.29655172414
2011,10,Línea 9,9477822,25895.688524590165
2012,3,Línea 12,12345,12345.0
2012,5,Línea 7,8303455,19400.595794392524
2012,10,Línea 9,10312773,28100.198910081745
2011,10,Línea 3,21371019,33340.1232449298
2010,8,Línea 12,12345,12345.0
2023,8,Línea A,6504396,21537.735099337748
2012,3,Línea 9,9919734,27177.353424657533
2024,4,Línea 1,4898770,16606.0
2023,8,Línea 11,6708,6708.0
2012,10,Línea 5,6574992,16687.79695431472
2024,1,Línea 3,13042789,20315.870716510904
2024,4,Línea 6,3206748,9989.869158878504
2011,8,Línea 5,6457202,16347.346835443039
2024,1,Línea 9,5914119,21904.144444444446
2011,1,Línea A,7818736,25635.2
2011,5,Línea 4,2556494,8354.555555555555
2024,4,Línea 11,26026,8675.333333333334
2011,3,Línea 11,11797,5898.5
2012,1,Línea 5,5898914,14784.245614035088
2012,3,Línea 6,4924660,14484.29411764706
2024,4,Línea B,10813673,17357.420545746387
2011,3,Línea 3,20816109,32074.12788906009
2011,8,Línea 4,2676390,8832.970297029702
2010,3,Línea 5,7130078,18142.692111959288
2012,10,Línea 3,22156295,34619.2109375
2012,10,Línea 7,8614342,20269.04
2015,6,Línea 6,4289086,13278.904024767802
2024,4,Línea 4,1947403,6556.912457912458
2011,12,Línea 5,6323976,15809.94
2011,1,Línea 2,25338044,34567.59072305593
2012,10,Línea 11,70285,23428.333333333332
2010,5,Línea 4,2348365,7624.561688311688
2011,10,Línea 8,12788907,22164.483535528598
2015,6,Línea B,12941281,20974.523500810374
2010,3,Línea A,7337201,24135.529605263157
2011,3,Línea 12,5000,5000.0
2024,1,Línea 8,10189314,17537.545611015492
2011,1,Línea 4,2411526,7932.651315789473
2023,8,Línea 12,5008929,11730.51288056206
2012,10,Línea A,8621549,28360.35855263158
2011,12,Línea 2,27498494,37772.656593406595
2010,5,Línea 1,21156304,34853.87808896211
2015,6,Línea 3,19071347,30809.93053311793
2011,8,Línea 12,5000,5000.0
2011,5,Línea 7,8444104,19775.41920374707
2012,1,Línea 4,2358252,7731.973770491803
2011,1,Línea 9,8432551,22976.978201634876
2011,8,Línea 11,49778,24889.0
2011,3,Línea 4,2677662,8693.707792207791
2011,10,Línea 2,27612694,37517.247282608696
2010,8,Línea B,14045956,21810.490683229815
2010,8,Línea 6,4049833,11981.754437869822
2011,5,Línea 8,12243390,21145.751295336788
2010,3,Línea 3,21411592,33719.04251968504
2023,8,Línea 1,5406274,21887.74898785425
2011,3,Línea 5,6207657,15876.360613810743
2015,6,Línea 1,21438462,36398.067911714774
2012,1,Línea 6,4709554,14058.370149253731
2012,5,Línea 3,20707135,32609.661417322834
2012,10,Línea 2,27401192,37484.53077975376
2012,3,Línea 1,22051020,36208.57142857143
2012,1,Línea 3,19642468,30548.16174183515
2011,12,Línea 8,12343692,21655.6
2015,6,Línea 4,2459630,8337.728813559323
2012,1,Línea 1,21381411,35166.79440789474
2012,3,Línea 3,20914118,32678.309375
2011,8,Línea 8,12598926,21911.17565217391
2012,5,Línea 8,12499309,21513.440619621342
2023,8,Línea 2,17511939,23761.111261872455
2010,5,Línea A,6889683,22738.227722772277
2011,12,Línea 6,4429009,13181.574404761905
2011,3,Línea 6,4629280,13818.746268656716
2011,1,Línea 7,7948034,18923.890476190478
2012,5,Línea B,13762406,21673.08031496063
2023,8,Línea 7,6664690,15499.279069767443
2015,6,Línea 9,9921682,28428.888252148998
2011,10,Línea 1,22197609,36934.45757071547
2024,4,Línea 9,6307287,24073.614503816792
2011,12,Línea 1,22473058,36780.78232405892
2024,1,Línea 12,5240488,10963.364016736401
2011,3,Línea 8,12222708,21368.37062937063
2012,10,Línea 6,5348852,16111.0
2012,1,Línea 2,25340553,34760.7037037037
2011,8,Línea 6,4870201,14408.878698224851
2024,1,Línea 11,34821,17410.5
2011,1,Línea 3,19402073,30410.772727272728
2010,5,Línea 9,9694532,26706.699724517905
2011,1,Línea B,12907521,20326.80472440945
2024,4,Línea 7,7227335,17670.745721271393
2011,10,Línea 6,5013234,14964.8776119403
2011,3,Línea B,13530209,21307.415748031497
2012,3,Línea 2,26477789,36221.32558139535
2010,3,Línea 8,11286251,19526.38581314879
2011,8,Línea 9,9116135,24907.47267759563
2023,8,Línea 4,2233729,7347.792763157895
2012,5,Línea 9,9701597,26799.991712707182
2010,8,Línea A,7146672,23431.711475409837
2011,5,Línea 2,26427759,36103.49590163935
2011,5,Línea 5,6242737,15645.95739348371
2015,6,Línea 11,14819,14819.0
2011,3,Línea A,8579129,28220.81907894737
2011,1,Línea 6,4067768,12070.52818991098
2015,6,Línea A,6684121,31829.14761904762
2012,3,Línea 4,2438584,8074.781456953642
2021,5,Línea B,6574795,10337.727987421384
2020,4,Línea 3,5454524,8797.61935483871
2022,3,Línea 2,14076418,19230.079234972676
2022,5,Línea B,10107166,15792.446875
2012,8,Línea 2,26549589,36569.681818181816
2021,5,Línea 9,4555079,12377.932065217392
2022,1,Línea 4,1383626,4551.401315789473
2024,6,Línea 5,4590971,12145.425925925925
2020,4,Línea 11,7118,7118.0
2020,4,Línea 1,5945946,10216.40206185567
2021,7,Línea 11,3123,3123.0
2010,7,Línea 4,2140634,6995.535947712418
2023,11,Línea 6,3338922,10305.314814814816
2012,8,Línea 1,23032483,38196.489220563846
2010,7,Línea 6,3330420,10031.385542168675
2021,5,Línea 2,9200070,12724.854771784232
2021,5,Línea 6,1905449,5739.30421686747
2021,10,Línea 8,8361314,14465.941176470587
2021,10,Línea 1,12483603,20771.386023294508
2021,7,Línea 1,11636780,19139.440789473683
2010,1,Línea 7,6151597,14339.386946386947
2022,5,Línea 2,14515442,19993.7217630854
2021,5,Línea 12,460978,7682.966666666666
2021,10,Línea B,8258770,12924.52269170579
2022,5,Línea 7,5785887,13645.959905660377
2010,7,Línea B,12714355,19804.291277258566
2010,1,Línea A,6063468,19750.710097719868
2024,6,Línea 9,6000909,22644.93962264151
2021,10,Línea 4,1689053,5537.87868852459
2021,12,Línea 6,2558355,7659.745508982036
2021,12,Línea 3,11861074,18446.46034214619
2023,7,Línea 7,6005462,14230.952606635072
2023,7,Línea 4,2155782,7045.0392156862745
2021,7,Línea 5,3736446,9435.469696969696
2021,12,Línea 4,1849291,6043.434640522876
2010,7,Línea 8,11579364,20173.108013937283
2012,8,Línea A,5821607,30802.15343915344
2010,7,Línea 3,19669792,31271.529411764706
2021,5,Línea 1,10153486,16590.66339869281
2021,12,Línea B,9724352,15194.3
2023,11,Línea B,9938880,16266.57937806874
2012,7,Línea 11,5906,5906.0
2022,1,Línea 6,2171367,6540.262048192771
2021,7,Línea 9,5458877,14914.964480874318
2023,7,Línea 12,3605311,10419.973988439306
2012,7,Línea A,5298731,29113.906593406595
2022,5,Línea 4,1880966,6249.056478405316
2011,7,Línea A,7650314,25416.325581395347
2012,7,Línea 6,4573416,13692.862275449103
2021,7,Línea 2,10993040,14976.893732970027
2022,3,Línea 8,9153374,15781.679310344827
2026,2,Línea 6,2976231,9758.134426229508
2012,7,Línea 5,5867968,14855.615189873417
2023,11,Línea 8,9869594,17751.06834532374
2022,3,Línea 1,13597153,22290.41475409836
2026,2,Línea 8,8773147,16806.79501915709
2021,5,Línea A,4457442,14662.638157894737
2012,8,Línea 6,5190839,15635.057228915663
2021,5,Línea 7,4136157,9686.550351288057
2021,12,Línea 9,6105831,16913.659279778392
2026,2,Línea 12,9402890,17034.221014492752
2020,4,Línea 7,2253063,5777.084615384615
2026,2,Línea 7,6439746,17594.93442622951
2023,11,Línea 7,7276596,17576.318840579712
2024,6,Línea 2,17229952,24862.845598845597
2020,4,Línea 5,2187944,6341.866666666667
2023,7,Línea 9,7458156,20433.30410958904
2022,5,Línea 9,7005274,19192.531506849315
2010,7,Línea 1,20851081,34521.65728476821
2010,1,Línea 9,8401785,22707.527027027027
2023,7,Línea 11,35830,35830.0
2023,11,Línea 3,13467692,21757.176090468496
2011,7,Línea 8,11742492,20386.270833333332
2023,11,Línea 5,4914856,12933.831578947369
2021,12,Línea 2,13051418,17977.159779614325
2021,5,Línea 4,1120927,3711.67880794702
2021,12,Línea 8,9149471,15939.844947735191
2024,6,Línea B,10096869,16444.412052117263
2020,4,Línea 2,5694557,8349.790322580646
2021,5,Línea 8,6317522,10986.994782608695
2012,8,Línea 8,12912509,22186.441580756014
2023,11,Línea 12,5404885,13150.571776155717
2024,6,Línea 12,8460294,14511.653516295026
2020,4,Línea 8,3490999,6674.950286806883
2024,6,Línea A,5493288,18495.91919191919
2021,7,Línea 3,9881840,15392.27414330218
2023,7,Línea 1,5143870,21255.661157024795
2012,7,Línea 7,7825131,18283.016355140186
2022,3,Línea B,9439860,14772.863849765257
2022,1,Línea A,4138929,13659.831683168317
2022,5,Línea 3,13416578,21195.225908372828
2011,7,Línea 4,2394935,7904.075907590759
2010,7,Línea 11,52390,52390.0
2023,11,Línea 1,5669420,15448.010899182562
2010,1,Línea B,11383309,18011.564873417723
2020,4,Línea 9,2802693,8493.00909090909
2024,6,Línea 3,13646962,22082.462783171522
2021,7,Línea 8,6871689,11868.20207253886
2022,1,Línea 11,6844,6844.0
2011,7,Línea 5,5906644,14766.61
2021,5,Línea 11,24988,8329.333333333334
2023,7,Línea 5,4614584,11802.005115089514
2010,7,Línea 9,8985686,24960.23888888889
2010,1,Línea 11,7409,3704.5
2022,5,Línea A,5927959,19309.312703583062
2023,7,Línea B,10227666,16081.235849056604
2012,7,Línea 8,11946758,20776.97043478261
2010,1,Línea 1,19001298,31200.81773399015
2020,4,Línea B,4086236,6996.979452054795
2026,2,Línea 9,6481141,19880.800613496933
2020,4,Línea 12,3736085,6577.614436619719
2012,7,Línea 9,9193496,25187.660273972604
2010,7,Línea 5,6309770,15893.627204030226
2024,6,Línea 1,4970471,16849.054237288135
2022,1,Línea 9,5487524,15243.122222222222
2021,10,Línea 3,11008821,17419.020569620254
2022,3,Línea 5,5010006,12556.406015037594
2021,7,Línea 7,4574165,10788.125
2021,7,Línea 4,1417467,4678.108910891089
2026,2,Línea 3,13662040,23555.241379310344
2024,6,Línea 8,9786890,17762.050816696916
2021,10,Línea 9,6037474,16632.159779614325
2022,5,Línea 1,13645106,22259.553017944534
2022,1,Línea 7,4296613,10062.325526932083
2010,7,Línea A,6677757,22259.19
2021,12,Línea A,5218251,17221.950495049507
2026,2,Línea B,9518106,16354.134020618556
2012,8,Línea 3,21685034,33777.31152647975
2022,3,Línea 3,13007017,20323.4640625
2011,7,Línea 7,8032802,18637.591647331785
2012,8,Línea 5,6714497,16702.728855721394
2012,7,Línea B,13199252,20753.540880503144
2022,1,Línea 2,10844764,14754.780952380952
2021,5,Línea 3,8921860,14390.09677419355
2021,10,Línea 6,2302301,6852.086309523809
2024,6,Línea 6,2957748,9271.937304075234
2012,8,Línea 9,9872876,27123.285714285714
2021,10,Línea A,5202530,16946.351791530946
2010,7,Línea 2,22971770,31296.689373297002
2012,7,Línea 1,22275767,36880.40894039735
2024,6,Línea 7,6761670,16411.820388349515
2026,2,Línea 4,1903460,6896.594202898551
2022,3,Línea A,5716439,18559.866883116883
2022,3,Línea 9,6839156,18635.302452316075
2023,7,Línea 3,13444853,21007.5828125
2011,7,Línea 2,25602381,34833.171428571426
2023,11,Línea A,5669411,19153.41554054054
2022,1,Línea 3,10212687,15687.691244239631
2010,1,Línea 2,20977478,28696.960328317375
2021,7,Línea A,4534897,15166.879598662208
2022,5,Línea 8,9220335,15979.783362218372
2022,1,Línea B,7804945,12330.086887835703
2023,7,Línea 6,3040721,9022.910979228487
2023,11,Línea 4,2149709,7238.077441077441
2021,10,Línea 5,4160822,10428.125313283208
2012,8,Línea B,14268862,22329.987480438183
2021,12,Línea 7,5039561,11998.954761904763
2026,2,Línea 2,15095439,23152.51380368098
2024,6,Línea 4,1922909,6562.829351535836
2021,10,Línea 11,28079,14039.5
2020,4,Línea 6,1231660,3910.031746031746
2021,10,Línea 7,5005783,11695.754672897196
2010,1,Línea 6,3002223,8908.673590504452
2012,7,Línea 3,19149836,29968.444444444445
2010,1,Línea 8,10254523,17833.95304347826
2011,7,Línea 3,18599991,29107.967136150233
2011,7,Línea 9,8417802,23318.01108033241
2022,3,Línea 7,5467862,12926.387706855792
2023,7,Línea A,5988318,19633.829508196723
2023,7,Línea 2,16588692,22600.39782016349
2011,7,Línea B,12865875,20229.36320754717
2026,2,Línea A,6014785,21951.770072992702
2022,1,Línea 1,11820202,19219.840650406502
2020,4,Línea 4,788879,2954.602996254682
2022,5,Línea 11,56272,14068.0
2012,8,Línea 7,8319302,19667.38061465721
2021,5,Línea 5,3637191,9278.548469387755
2022,3,Línea 6,2839267,8450.199404761905
2011,7,Línea 6,4089163,12134.014836795252
2026,2,Línea 5,4455373,12445.175977653631
2023,11,Línea 2,16579058,23416.748587570622
2023,11,Línea 9,7654405,21561.704225352114
2022,1,Línea 5,3824678,9732.005089058524
2012,7,Línea 4,2443269,7984.5392156862745
2021,12,Línea 5,4472051,11496.275064267353
2022,3,Línea 4,1826095,5948.192182410424
2012,7,Línea 2,25130038,34190.52789115646
2022,1,Línea 8,7495933,13013.772569444445
2012,8,Línea 4,2651365,8693.0
2026,2,Línea 1,12198884,22099.427536231884
2010,1,Línea 3,18200686,28349.978193146417
2020,4,Línea A,2690498,10001.85130111524
2022,5,Línea 6,2953712,8870.006006006006
2021,10,Línea 2,11827742,16291.65564738292
2021,7,Línea B,7427687,11551.612752721618
2023,11,Línea 11,22508,11254.0
2022,5,Línea 5,4850433,12279.577215189873
2021,12,Línea 1,13517796,23028.613287904598
2011,7,Línea 1,20851920,34869.43143812709
2010,7,Línea 7,6911915,16149.334112149532
2021,7,Línea 6,2088156,6214.75
2010,1,Línea 5,5931692,14979.020202020201
2010,1,Línea 4,1797862,5933.5379537953795
2024,6,Línea 11,28878,28878.0
2023,7,Línea 8,10149030,17712.094240837698
2010,11,Línea 5,6957891,18072.444155844158
2011,11,Línea 6,4645452,14249.852760736196
2023,5,Línea 9,8316088,23036.25484764543
2025,2,Línea 1,6007144,16779.73184357542
2011,6,Línea 7,8133968,19552.80769230769
2023,5,Línea 8,10841674,18953.975524475525
2023,3,Línea 5,5432478,13718.378787878788
2011,9,Línea 4,2601353,8729.372483221476
2023,3,Línea 8,11387889,19770.640625
2023,9,Línea 3,13895416,22411.96129032258
2024,2,Línea 8,10030687,18575.346296296295
2021,8,Línea 8,6989799,12072.19170984456
2011,4,Línea 7,7642671,18196.835714285713
2011,9,Línea 6,4565705,14135.309597523219
2023,9,Línea A,6304056,21297.486486486487
2012,4,Línea 4,2173087,7391.452380952381
2023,9,Línea 2,16438758,23517.536480686696
2021,8,Línea 4,1357203,4479.217821782178
2012,4,Línea 8,11039462,19890.922522522524
2010,9,Línea 3,20710387,33350.05958132045
2023,3,Línea 7,6570171,15606.106888361046
2023,3,Línea 3,16011385,24939.85202492212
2010,11,Línea 11,46994,23497.0
2023,3,Línea 1,5262816,21221.032258064515
2010,4,Línea 5,6312480,16568.188976377955
2025,2,Línea 8,8862170,16912.538167938932
2011,9,Línea 1,21141953,35955.70238095238
2024,2,Línea 2,15193475,22376.25184094256
2021,8,Línea 9,5574717,15189.964577656676
2011,4,Línea 3,18002525,29272.39837398374
2012,9,Línea 1,22060873,37014.88758389262
2011,11,Línea 7,8528885,20502.127403846152
2011,11,Línea A,7988973,27266.119453924915
2010,4,Línea 11,2075,2075.0
2011,6,Línea 12,5000,5000.0
2011,11,Línea 3,19682678,32213.875613747954
2023,5,Línea 5,5035802,13114.067708333334
2011,4,Línea 9,8050916,22871.920454545456
2011,6,Línea 6,4253870,12969.115853658537
2025,2,Línea 3,13634904,23712.87652173913
2023,5,Línea 12,3041032,11139.311355311354
2012,6,Línea 6,4469508,13752.332307692308
2011,6,Línea A,7794779,26422.97966101695
2010,4,Línea 1,20129247,34117.36779661017
2012,6,Línea 11,28343,14171.5
2011,4,Línea 5,5674774,14855.429319371728
2011,11,Línea 9,8743154,24909.270655270655
2010,4,Línea 8,11095376,19637.833628318585
2012,6,Línea 7,7364083,17873.98786407767
2012,4,Línea 7,7140121,17288.428571428572
2012,6,Línea B,12695969,20543.63915857605
2011,11,Línea 4,2654190,9027.857142857143
2023,3,Línea B,11283675,17630.7421875
2010,4,Línea 7,6739668,16240.163855421686
2010,6,Línea B,12797516,20808.969105691056
2010,9,Línea 2,22385073,31662.055162659122
2023,5,Línea 11,37825,37825.0
2011,6,Línea 3,19428160,31488.103727714748
2024,2,Línea A,5660272,20000.96113074205
2011,4,Línea 4,2379991,7986.546979865771
2023,9,Línea 6,3437020,10673.975155279502
2025,2,Línea 2,16626515,25268.259878419452
2023,5,Línea 2,17099297,23359.695355191256
2010,4,Línea 3,20139428,32482.948387096774
2021,8,Línea B,7006782,11016.952830188678
2021,8,Línea 5,3840388,9673.521410579346
2012,9,Línea 2,25080024,35524.11331444759
2010,6,Línea 5,6471101,16940.05497382199
2023,5,Línea 4,2236775,7406.539735099338
2023,5,Línea 1,5213191,21542.111570247933
2012,4,Línea 1,20901223,35187.24410774411
2010,11,Línea 7,7494660,18279.658536585364
2012,9,Línea 9,9556451,27149.008522727272
2025,2,Línea B,9580079,16488.948364888125
2010,6,Línea 4,2163565,7284.73063973064
2010,11,Línea 12,12345,12345.0
2010,4,Línea A,6870949,23450.337883959044
2023,5,Línea 7,6441115,15084.578454332554
2010,11,Línea 1,21332631,37035.817708333336
2012,4,Línea A,7698865,26186.615646258502
2012,4,Línea 6,4270943,13141.363076923077
2010,11,Línea 6,4048195,12533.11145510836
2021,8,Línea 2,9728444,13644.381486676017
2025,2,Línea A,5823806,21332.62271062271
2023,3,Línea 9,8668395,23814.271978021978
2011,11,Línea B,13794669,22142.325842696628
2023,9,Línea 12,5164808,12475.381642512077
2023,9,Línea 4,2286527,7724.753378378378
2010,11,Línea A,7243880,24723.139931740614
2012,9,Línea 3,20376291,33240.27895595432
2010,6,Línea 6,3533398,10871.993846153846
2023,9,Línea B,10937547,17641.204838709677
2025,2,Línea 5,4351702,12121.732590529247
2010,4,Línea 2,22166095,31088.492286115008
2021,8,Línea 3,9717707,15207.679186228483
2010,9,Línea 5,6569215,17242.03412073491
2011,9,Línea 12,17345,8672.5
2012,4,Línea 3,17830229,29182.0441898527
2024,2,Línea 1,4658342,16174.798611111111
2023,5,Línea 3,15220018,23893.27786499215
2023,3,Línea 4,2356112,7750.368421052632
2012,6,Línea 8,11689123,20873.433928571427
2023,9,Línea 7,6592092,15884.559036144577
2011,9,Línea A,8062798,27612.321917808218
2011,6,Línea 2,25352417,35909.93909348442
2024,2,Línea B,10470877,17539.15745393635
2024,2,Línea 6,3296968,10533.444089456869
2010,11,Línea B,13450777,21835.676948051947
2010,6,Línea 9,9453094,26779.303116147308
2010,6,Línea 7,7047620,17147.49391727494
2023,3,Línea 6,3598549,10646.594674556212
2011,11,Línea 2,26839971,38124.958806818184
2010,9,Línea 12,24690,12345.0
2010,4,Línea 6,3383520,10507.826086956522
2012,9,Línea A,7958169,27068.602040816328
2010,6,Línea 3,20123172,32352.36655948553
2023,9,Línea 8,10304368,18566.42882882883
2010,6,Línea 2,23251618,33169.21255349501
2011,9,Línea B,13163978,21404.842276422765
2023,3,Línea 2,17264864,23682.941015089164
2024,2,Línea 3,13901255,23130.207986688853
2025,2,Línea 9,7089123,21745.776073619632
2025,2,Línea 12,8674468,16034.136783733826
2021,8,Línea 7,4303998,10032.62937062937
2010,4,Línea 9,8879619,25154.72804532578
2011,9,Línea 9,8705287,24730.928977272728
2011,9,Línea 7,8310950,20026.385542168675
2010,9,Línea B,12815465,20736.998381877023
2023,9,Línea 11,17404,17404.0
2011,11,Línea 5,6121598,15818.082687338501
2011,9,Línea 3,19822048,32022.694668820677
2012,9,Línea 6,5026987,15373.048929663608
2010,9,Línea 9,8531868,23965.921348314605
2010,11,Línea 9,8784916,24886.447592067987
2010,9,Línea 4,2285437,7773.5952380952385
2010,4,Línea 4,2096421,7204.19587628866
2010,4,Línea B,12760144,20647.48220064725
2012,9,Línea 4,2538722,8664.580204778156
2010,11,Línea 8,12121182,21453.41946902655
2023,3,Línea 11,35207,11735.666666666666
2011,11,Línea 1,21227122,36100.54761904762
2012,6,Línea 3,18454291,30055.848534201956
2012,6,Línea 9,8999003,25207.29131652661
2011,11,Línea 8,12514707,22307.85561497326
2012,6,Línea A,7714687,26151.481355932203
2012,4,Línea 2,23494697,33184.60028248587
2010,9,Línea A,6405331,21936.06506849315
2010,9,Línea 1,19733294,33333.26689189189
2025,2,Línea 4,1864560,6755.652173913043
2010,6,Línea A,6744335,23018.20819112628
2024,2,Línea 12,7808278,13893.733096085409
2012,9,Línea 5,5989540,15845.343915343916
2024,2,Línea 7,6804432,16968.658354114712
2024,2,Línea 5,4808051,12924.868279569893
2010,9,Línea 8,11615108,20741.264285714286
2011,9,Línea 8,11877231,21323.57450628366
2011,11,Línea 11,33981,33981.0
2024,2,Línea 11,36247,7249.4
2023,9,Línea 5,5447872,14113.658031088084
2011,6,Línea 1,20945598,35143.62080536913
2010,11,Línea 3,20669462,33230.6463022508
2023,9,Línea 9,7607893,21613.332386363636
2025,2,Línea 7,6866066,17696.046391752578
2023,3,Línea 12,2895409,10803.764925373134
2011,9,Línea 5,6106071,15818.836787564767
2012,9,Línea 8,12247361,22027.627697841726
2010,6,Línea 8,11310163,20269.109318996416
2011,9,Línea 2,25322431,35816.73408769449
2011,4,Línea 8,11318337,20175.288770053477
2012,4,Línea B,12476058,20385.71568627451
2024,2,Línea 4,1971922,6943.387323943662
2011,4,Línea 6,4025678,12541.052959501558
2024,2,Línea 9,6052765,23551.614785992217
2023,3,Línea A,6771493,22571.643333333333
2023,9,Línea 1,5159898,22145.48497854077
2010,11,Línea 4,2370515,8062.976190476191
2012,6,Línea 5,5587914,14628.047120418849
2021,8,Línea 1,11972942,19563.63071895425
2010,6,Línea 1,20608650,34989.219015280134
2012,6,Línea 1,20567931,34860.9
2012,9,Línea 7,8023437,19240.856115107912
2023,5,Línea A,6510375,21557.53311258278
2011,4,Línea 2,24009865,33769.149085794656
2012,4,Línea 11,18474,9237.0
2021,8,Línea 6,1935127,5811.192192192192
2023,5,Línea B,11043923,17095.8560371517
2011,6,Línea 9,8609725,24184.620786516854
2011,11,Línea 12,12345,12345.0
2011,6,Línea 11,7497,7497.0
2025,2,Línea 6,2991801,9972.67
2010,9,Línea 11,133188,44396.0
2023,5,Línea 6,3445477,10163.648967551622
2012,6,Línea 2,24067839,33850.68776371308
2011,6,Línea 8,11559935,20904.041591320074
2012,4,Línea 5,5703099,15047.754617414248
2011,4,Línea A,7717142,26248.78231292517
2012,6,Línea 4,2329674,7791.5518394648825
2011,6,Línea 4,2439037,8324.358361774744
2011,6,Línea 5,5803504,14996.134366925065
2011,4,Línea 1,19845348,33241.788944723616
2011,4,Línea B,12236692,19961.977161500814
2010,9,Línea 6,3768111,11523.275229357798
2021,8,Línea A,4485900,14756.25
2010,6,Línea 11,20400,20400.0
2010,9,Línea 7,6991683,16806.93028846154
2012,9,Línea B,13815494,22319.053311793214
2011,6,Línea B,12923753,20777.737942122185
2010,4,Línea 12,12345,12345.0
2012,4,Línea 9,8483453,24169.381766381768
2010,11,Línea 2,25539625,35870.25983146067
2022,6,Línea A,5703693,19466.529010238908
2021,2,Línea 4,973508,3527.2028985507245
2021,6,Línea B,6314303,10217.318770226537
2021,11,Línea 2,11983081,17366.784057971014
2022,7,Línea B,9572285,14910.101246105918
2023,4,Línea 9,7529109,21450.452991452992
2023,6,Línea 6,3299227,10246.046583850932
2012,2,Línea A,8281116,29056.547368421052
2020,6,Línea 5,2336165,7511.784565916399
2023,1,Línea B,10397202,16373.546456692913
2022,12,Línea 4,2323515,7543.87987012987
2010,2,Línea B,12187899,21233.273519163762
2021,9,Línea 7,4462628,10805.394673123486
2023,4,Línea B,9877127,16086.526058631922
2021,6,Línea 4,1102824,3776.794520547945
2022,6,Línea 11,54650,18216.666666666668
2023,4,Línea A,5870175,20103.33904109589
2015,2,Línea 8,10750350,20834.011627906977
2010,2,Línea 5,6482794,17957.87811634349
2022,12,Línea A,6553942,21701.794701986753
2022,4,Línea 5,4556001,11803.11139896373
2022,12,Línea B,11048920,17399.87401574803
2020,6,Línea 3,6056033,9831.222402597403
2023,4,Línea 12,2567451,9799.431297709923
2012,2,Línea 2,24610281,36032.62225475842
2015,2,Línea 9,9349164,28075.567567567567
2022,7,Línea 3,12534256,19584.775
2020,6,Línea 7,2522521,6930.002747252747
2021,6,Línea 9,4652580,13180.113314447592
2012,2,Línea 9,9052996,26316.8488372093
2022,7,Línea 7,5567500,13069.24882629108
2022,10,Línea 1,5041659,20411.574898785424
2022,8,Línea A,6997864,23019.28947368421
2012,2,Línea 1,20362434,35849.355633802814
2015,2,Línea 7,7494575,19722.565789473683
2022,10,Línea 8,11067396,19180.928942807626
2022,8,Línea 8,10114194,17713.124343257445
2022,8,Línea 5,4960401,12339.305970149253
2022,4,Línea 1,12851598,21708.780405405407
2022,6,Línea 2,14041567,20030.76604850214
2022,10,Línea 9,8861070,24144.604904632153
2021,11,Línea 3,11405759,18220.06230031949
2021,2,Línea A,3620490,13165.418181818182
2021,11,Línea 8,8441251,15127.689964157706
2023,4,Línea 8,10205433,18223.9875
2021,6,Línea 6,1943773,5962.493865030675
2022,7,Línea 11,41820,20910.0
2020,6,Línea 9,3081862,9172.208333333334
2023,1,Línea 7,5988775,14225.118764845605
2020,6,Línea 4,670409,2781.780082987552
2010,2,Línea 2,20862433,31948.59571209801
2021,2,Línea 11,31493,31493.0
2010,2,Línea 7,6340544,16216.225063938618
2022,4,Línea 12,5000,5000.0
2021,2,Línea 3,5704052,9954.715532286213
2022,6,Línea 1,13245611,22336.612141652615
2015,2,Línea 12,4169118,16810.959677419356
2021,2,Línea 2,5098640,10405.387755102041
2020,6,Línea 6,1312848,4527.062068965517
2022,6,Línea 5,4677150,12211.879895561358
2012,2,Línea 6,4792793,15215.215873015874
2021,2,Línea 9,4063459,12276.311178247734
2022,8,Línea 7,6138866,14444.390588235294
2021,11,Línea 12,5000,5000.0
2015,2,Línea 6,3895189,13027.38795986622
2023,1,Línea 11,16543,16543.0
2021,6,Línea 2,9728054,13877.39514978602
2022,10,Línea 2,16926059,23410.869986168742
2021,9,Línea 8,7216191,12863.085561497326
2022,4,Línea B,9102941,14658.520128824477
2015,2,Línea 11,47613,23806.5
2021,6,Línea 1,10431084,17984.627586206898
2022,12,Línea 6,3369133,10057.11343283582
2020,6,Línea 11,1043,1043.0
2021,2,Línea 7,3267544,8509.229166666666
2023,6,Línea 7,6125966,14977.911980440098
2022,6,Línea B,9697948,15794.70358306189
2022,12,Línea 2,16250747,22322.45467032967
2021,9,Línea B,7503601,12122.13408723748
2023,1,Línea 2,14739566,20246.656593406595
2010,2,Línea 8,10422207,19965.91379310345
2022,7,Línea 8,9165494,15748.271477663231
2021,9,Línea 2,10014413,14858.179525222551
2010,2,Línea 4,2023677,7412.736263736264
2022,7,Línea 4,2001502,6540.856209150327
2023,6,Línea 5,4902399,12867.188976377953
2021,2,Línea 6,1315023,4427.686868686868
2022,4,Línea 6,2561296,7880.910769230769
2020,6,Línea 12,3818429,7287.07824427481
2022,12,Línea 5,4916932,12385.219143576825
2015,2,Línea 2,21981968,33055.59097744361
2022,10,Línea A,7120208,23344.94426229508
2022,8,Línea 6,3296262,9988.672727272728
2023,1,Línea 5,4685686,11953.280612244898
2023,6,Línea 4,2157781,7339.391156462585
2023,4,Línea 6,3017282,9341.430340557275
2021,9,Línea 5,3770007,9817.7265625
2023,4,Línea 5,4769456,12324.175710594316
2022,12,Línea 1,4677371,18936.724696356276
2022,10,Línea 3,16022191,25113.152037617554
2015,2,Línea 5,6442319,18096.40168539326
2022,8,Línea 3,15726049,24457.307931570762
2021,6,Línea 11,33183,8295.75
2022,8,Línea 4,2259911,7385.330065359477
2021,9,Línea 3,10079556,16179.062600321027
2022,4,Línea 8,8644363,15519.502692998205
2023,4,Línea 1,4691534,20049.290598290598
2022,7,Línea 6,2697812,8101.537537537538
2022,10,Línea 4,2315659,7518.373376623376
2021,11,Línea A,5013122,16993.633898305085
2021,2,Línea B,5520776,9651.706293706293
2021,2,Línea 1,7627067,13867.394545454545
2023,6,Línea 9,7879559,22071.593837535012
2021,6,Línea 8,6714803,11948.048042704626
2022,7,Línea 5,4229077,10706.524050632912
2022,10,Línea 6,3426352,10047.953079178886
2022,8,Línea 1,4388003,18436.98739495798
2022,6,Línea 7,5803498,14052.053268765134
2021,6,Línea A,4422716,14992.257627118644
2021,6,Línea 12,12345,12345.0
2023,6,Línea 8,10956927,19636.06989247312
2020,6,Línea 2,6533190,10419.76076555024
2010,2,Línea 1,18751931,34094.42
2022,12,Línea 9,7873247,21809.548476454293
2020,6,Línea B,4359986,8582.649606299212
2021,11,Línea 5,4224342,11087.511811023622
2023,1,Línea 4,2152135,7033.1209150326795
2023,6,Línea 12,3008983,11354.65283018868
2023,6,Línea 3,14557591,23366.91974317817
2023,6,Línea 1,5148442,21723.383966244724
2020,6,Línea A,2555704,11616.836363636363
2020,6,Línea 8,3605424,7558.540880503145
2022,4,Línea 7,5244585,12668.079710144928
2021,11,Línea 4,1653510,5586.1824324324325
2021,2,Línea 12,4530913,8298.375457875458
2023,4,Línea 7,5682969,13693.901204819276
2022,10,Línea 7,6445964,15095.934426229509
2022,12,Línea 12,5000,5000.0
2010,2,Línea 9,8579043,25762.891891891893
2021,9,Línea 9,5478283,15431.78309859155
2021,9,Línea 6,2027223,6354.931034482759
2012,2,Línea 3,19531670,32937.04890387858
2015,2,Línea 3,18599944,32235.60485268631
2012,2,Línea B,12924281,21831.555743243243
2022,6,Línea 6,2886957,8882.944615384615
2023,6,Línea 2,16881669,23776.998591549294
2022,6,Línea 8,9416382,16725.367673179397
2015,2,Línea 1,20409216,36575.655913978495
2010,2,Línea 11,30534,30534.0
2022,6,Línea 9,6614771,18738.72804532578
2012,2,Línea 7,7694633,19284.79448621554
2022,12,Línea 3,14065240,21976.9375
2022,7,Línea 2,13678379,18763.208504801096
2022,12,Línea 8,10784350,18658.04498269896
2022,4,Línea A,5313845,18135.98976109215
2023,1,Línea 9,7819720,21541.928374655647
2021,9,Línea 4,1453778,4894.875420875421
2015,2,Línea B,12205343,21300.77312390925
2012,2,Línea 8,11518706,21330.937037037038
2022,12,Línea 7,5904441,13892.802352941177
2021,11,Línea 11,2547,2547.0
2022,7,Línea A,6051171,20036.990066225164
2020,6,Línea 1,7079478,12507.911660777385
2021,9,Línea A,4578871,15734.951890034365
2012,2,Línea 5,5956923,16187.290760869566
2022,4,Línea 4,1697106,5752.901694915255
2022,8,Línea B,10552883,16514.683881064164
2022,6,Línea 3,12918897,20972.23538961039
2023,4,Línea 3,13666835,21972.40353697749
2023,4,Línea 4,2083201,7134.25
2021,6,Línea 3,8994528,14891.602649006623
2023,1,Línea 8,10516128,18225.52512998267
2015,2,Línea A,7604261,27752.777372262775
2023,1,Línea 3,13477336,21291.210110584518
2023,4,Línea 2,15170867,21277.51332398317
2021,2,Línea 8,4851550,9311.996161228408
2022,7,Línea 9,7075521,19438.244505494506
2010,2,Línea 6,3405445,11092.654723127036
2015,2,Línea 4,2334857,8552.589743589744
2010,2,Línea 3,19529514,33555.865979381444
2022,4,Línea 3,12158736,19547.807073954984
2022,6,Línea 4,1843211,6227.064189189189
2022,4,Línea 9,6150848,17624.206303724928
2023,1,Línea 12,1324241,8828.273333333333
2022,10,Línea B,10996274,17426.741679873216
2021,11,Línea 7,4912328,11952.136253041363
2022,7,Línea 1,6598031,19124.727536231883
2021,6,Línea 5,3533646,9226.229765013055
2010,2,Línea A,6233017,22748.23722627737
2022,4,Línea 2,13177797,18639.03394625177
2021,11,Línea 9,6102783,17239.5
2021,11,Línea 1,12197383,21898.35368043088
2023,6,Línea A,6236926,21214.034013605444
2022,8,Línea 2,15968447,21964.85144429161
2021,11,Línea 6,2389395,7329.432515337423
2023,6,Línea B,10397965,16852.455429497568
2012,2,Línea 4,2290444,7925.411764705882
2010,2,Línea 12,5000,5000.0
2023,1,Línea 6,3267050,9665.828402366864
2021,11,Línea B,8867601,14372.124797406806
2021,2,Línea 5,2740683,7763.974504249291
2021,9,Línea 1,12009792,20670.898450946643
2023,1,Línea 1,4996846,20148.572580645163
2022,10,Línea 5,4975782,12565.10606060606
2023,1,Línea A,6252639,20500.455737704917
2021,6,Línea 7,4206812,10210.708737864077
2022,8,Línea 9,7959349,21746.85519125683
2020,5,Línea 12,3116980,6099.765166340509
2017,9,Línea 6,2959213,12381.644351464434
2011,2,Línea 2,24096574,36620.933130699086
2011,2,Línea 8,11093179,21415.403474903476
2021,1,Línea 1,3755255,12816.569965870307
2011,2,Línea 7,7721921,20109.169270833332
2011,2,Línea 9,8127289,24406.273273273273
2011,2,Línea 6,4129436,13539.134426229508
2017,9,Línea A,5882491,27108.2534562212
2011,2,Línea 3,18932048,32697.837651122627
2011,2,Línea 4,2318977,8494.421245421245
2020,5,Línea 7,2000551,5901.330383480826
2022,2,Línea 1,11276537,20690.893577981653
2020,5,Línea 9,2490829,8166.652459016394
2023,2,Línea 3,13986415,24197.949826989618
2022,11,Línea 5,4872189,12655.036363636364
2017,9,Línea 7,6121580,20337.475083056477
2021,1,Línea 4,930018,3444.511111111111
2022,11,Línea 9,8284970,23536.846590909092
2023,2,Línea 2,14641130,22352.870229007633
2021,1,Línea 11,25541,8513.666666666666
2020,5,Línea 4,546782,3037.677777777778
2022,11,Línea 2,16669203,23711.526315789473
2020,5,Línea 2,5168380,8190.776545166403
2017,9,Línea 12,6744383,16058.054761904761
2017,9,Línea 1,14046078,32894.7962529274
2022,2,Línea 2,11403002,17121.624624624623
2022,9,Línea 8,10279452,18258.35168738899
2021,1,Línea 2,1884816,9816.75
2022,9,Línea 7,6000809,14636.119512195122
2022,9,Línea 9,7925451,22451.70254957507
2017,9,Línea 8,7324499,17864.631707317072
2022,9,Línea 1,4516873,19302.87606837607
2023,2,Línea 12,2440150,10041.769547325102
2021,1,Línea 3,1767578,10648.060240963856
2022,2,Línea 8,7431160,14208.718929254303
2022,2,Línea 6,2305819,7635.162251655629
2023,2,Línea 8,10052856,19332.415384615386
2022,2,Línea 11,12094,12094.0
2022,9,Línea 5,4666707,12121.316883116882
2022,11,Línea 4,2052357,7028.619863013699
2021,1,Línea 12,5103938,8394.634868421053
2022,9,Línea 2,15501116,22081.36182336182
2020,5,Línea 11,7229,7229.0
2011,2,Línea 1,19202833,35041.66605839416
2023,2,Línea 5,4682760,12935.801104972375
2023,2,Línea 9,7572147,23015.644376899698
2023,2,Línea 6,3133831,10411.398671096345
2023,2,Línea A,5984056,21919.619047619046
2020,5,Línea 3,4932202,7779.4984227129335
2023,2,Línea 1,4525828,20571.945454545454
2020,5,Línea 8,2889900,6465.10067114094
2011,2,Línea 11,28888,28888.0
2022,11,Línea 7,6392493,15440.804347826086
2023,2,Línea 7,6033637,15550.610824742267
2022,9,Línea A,6834205,23166.79661016949
2022,2,Línea 9,5594561,17056.588414634145
2021,1,Línea A,3762415,12295.47385620915
2021,1,Línea 9,4790921,13419.946778711485
2022,11,Línea 3,15450861,24961.00323101777
2011,2,Línea A,7672890,28003.24817518248
2022,11,Línea B,11028329,17845.192556634305
2020,5,Línea 1,5476281,9573.917832167832
2021,1,Línea 7,3468318,8047.141531322506
2022,9,Línea 3,15219587,24707.121753246753
2020,5,Línea A,2074115,9923.995215311004
2022,2,Línea 4,1418263,5214.202205882353
2021,1,Línea 5,2524586,6993.313019390582
2021,1,Línea 6,1282023,4189.617647058823
2023,2,Línea 4,1962323,7294.881040892194
2022,9,Línea B,10511100,17091.219512195123
2022,2,Línea 3,10346189,17931.003466204507
2017,9,Línea B,8698755,19287.70509977827
2022,9,Línea 6,3368956,10271.207317073171
2022,2,Línea B,7882789,13685.397569444445
2021,1,Línea 8,5064854,8823.787456445993
2017,9,Línea 11,21284,21284.0
2020,5,Línea 5,1931325,7787.600806451613
2017,9,Línea 5,5160110,18561.54676258993
2020,5,Línea B,3594572,7020.6484375
2017,9,Línea 2,15442535,30279.480392156864
2017,9,Línea 9,6423103,24895.748062015504
2017,9,Línea 4,1796139,8201.547945205479
2022,2,Línea 5,3785193,10632.564606741573
2022,9,Línea 4,2279221,7700.070945945946
2022,11,Línea 8,10680825,19279.46750902527
2022,2,Línea A,4559697,16763.591911764706
2011,2,Línea 5,5614652,15905.529745042493
2011,2,Línea B,12230953,21271.22260869565
2022,11,Línea 1,4640169,19578.772151898735
2022,11,Línea 6,3286054,10333.503144654089
2020,5,Línea 6,1092066,3956.7608695652175
2022,11,Línea 11,15480,15480.0
2022,11,Línea A,6576130,22754.77508650519
2021,1,Línea B,5897290,9200.140405616225
2022,2,Línea 7,4503403,11727.611979166666
2017,9,Línea 3,13282641,28938.21568627451
2023,2,Línea B,9943498,17085.048109965635
2022,9,Línea 11,28405,28405.0
